{
    "cg": {
        "num_iters": 100,
        "steps": {
            "A*s": 34.42009101100001,
            "alpha = (r*r) / s*A*s": 4.4355530939999985,
            "r -= temp * alpha": 5.315629413000002,
            "r*r": 2.1870272999999996,
            "sk+1 = rk+1 + beta * sk;": 5.523167691000001,
            "x += s * alpha": 5.712290027
        },
        "total": 57.604047521
    },
    "general_info": {
        "thread_count": 64
    },
    "io": 70.745487226,
    "total": 128.556405317
}