{
    "cg": {
        "num_iters": 100,
        "steps": {
            "A*s": 25.661733352000002,
            "alpha = (r*r) / s*A*s": 5.256821737999999,
            "r -= temp * alpha": 4.855161174000002,
            "r*r": 2.097047086000001,
            "sk+1 = rk+1 + beta * sk;": 5.182225213999999,
            "x += s * alpha": 5.785822184
        },
        "total": 48.848230403
    },
    "general_info": {
        "thread_count": 64
    },
    "io": 74.478526772,
    "total": 123.530663875
}