{
    "cg": {
        "num_iters": 100,
        "steps": {
            "A*s": 30.052372258000002,
            "alpha = (r*r) / s*A*s": 1.5718632479999997,
            "r -= temp * alpha": 0.8768740409999999,
            "r*r": 0.49089140900000017,
            "sk+1 = rk+1 + beta * sk;": 0.8784805420000005,
            "x += s * alpha": 0.8572678189999996
        },
        "total": 34.727868557
    },
    "general_info": {
        "local_elements": 0,
        "local_rows": 0,
        "node": 1,
        "node_count": 8,
        "thread_count": 4
    },
    "io": 41.383334279,
    "total": 76.245079096
}