{
    "cg": {
        "num_iters": 100,
        "steps": {
            "A*s": 31.428263646999984,
            "alpha = (r*r) / s*A*s": 0.6802154229999999,
            "r -= temp * alpha": 0.3119541510000001,
            "r*r": 1.6108641,
            "sk+1 = rk+1 + beta * sk;": 0.39131462899999997,
            "x += s * alpha": 0.30274524300000005
        },
        "total": 34.725464647
    },
    "general_info": {
        "local_elements": 0,
        "local_rows": 0,
        "node": 7,
        "node_count": 8,
        "thread_count": 4
    },
    "io": 41.38036778,
    "total": 76.24266322
}