{
    "cg": {
        "num_iters": 100,
        "steps": {
            "A*s": 31.322247701000006,
            "alpha = (r*r) / s*A*s": 0.8005183929999998,
            "r -= temp * alpha": 0.30849741199999997,
            "r*r": 1.615477791,
            "sk+1 = rk+1 + beta * sk;": 0.3771542959999998,
            "x += s * alpha": 0.301089633
        },
        "total": 34.725091048
    },
    "general_info": {
        "local_elements": 0,
        "local_rows": 0,
        "node": 3,
        "node_count": 8,
        "thread_count": 4
    },
    "io": 41.380297655,
    "total": 76.24227949
}