{
    "cg": {
        "num_iters": 100,
        "steps": {
            "A*s": 30.075411976999998,
            "alpha = (r*r) / s*A*s": 1.568973079,
            "r -= temp * alpha": 0.6935784709999998,
            "r*r": 0.8422180159999999,
            "sk+1 = rk+1 + beta * sk;": 0.870271531,
            "x += s * alpha": 0.678679805
        },
        "total": 34.729222439
    },
    "general_info": {
        "local_elements": 0,
        "local_rows": 0,
        "node": 0,
        "node_count": 8,
        "thread_count": 4
    },
    "io": 41.371357262,
    "total": 76.246186818
}