{
    "cg": {
        "num_iters": 100,
        "steps": {
            "A*s": 31.548216388999993,
            "alpha = (r*r) / s*A*s": 0.5754389550000003,
            "r -= temp * alpha": 0.3081159869999999,
            "r*r": 1.6207377740000002,
            "sk+1 = rk+1 + beta * sk;": 0.373500895,
            "x += s * alpha": 0.29904580999999997
        },
        "total": 34.725176182
    },
    "general_info": {
        "local_elements": 0,
        "local_rows": 0,
        "node": 2,
        "node_count": 8,
        "thread_count": 4
    },
    "io": 41.380715117,
    "total": 76.242097233
}