{
    "cg": {
        "num_iters": 100,
        "steps": {
            "A*s": 31.58031859200002,
            "alpha = (r*r) / s*A*s": 0.5398438270000002,
            "r -= temp * alpha": 0.30719246200000005,
            "r*r": 1.6269222449999998,
            "sk+1 = rk+1 + beta * sk;": 0.37651462800000013,
            "x += s * alpha": 0.2941075119999999
        },
        "total": 34.725002408
    },
    "general_info": {
        "local_elements": 0,
        "local_rows": 0,
        "node": 6,
        "node_count": 8,
        "thread_count": 4
    },
    "io": 41.380271702,
    "total": 76.241954059
}