{
    "cg": {
        "num_iters": 100,
        "steps": {
            "A*s": 31.090622054,
            "alpha = (r*r) / s*A*s": 1.039234246,
            "r -= temp * alpha": 0.3135798690000001,
            "r*r": 1.6077109379999988,
            "sk+1 = rk+1 + beta * sk;": 0.369648088,
            "x += s * alpha": 0.3041784909999998
        },
        "total": 34.725066996
    },
    "general_info": {
        "local_elements": 0,
        "local_rows": 0,
        "node": 5,
        "node_count": 8,
        "thread_count": 4
    },
    "io": 41.381082593,
    "total": 76.242236594
}