{
    "cg": {
        "num_iters": 100,
        "steps": {
            "A*s": 319.54173511799996,
            "alpha = (r*r) / s*A*s": 1.5121683470000005,
            "distributing s": 147.3701036809999,
            "r -= temp * alpha": 1.2629261790000001,
            "r*r": 0.6135067430000003,
            "sk+1 = rk+1 + beta * sk;": 1.5610339759999994,
            "x += s * alpha": 1.2355730070000004
        },
        "total": 473.109605728
    },
    "general_info": {
        "local_elements": 0,
        "local_rows": 16777216,
        "node": 1,
        "node_count": 8,
        "thread_count": 16
    },
    "io": 55.361674149,
    "total": 528.808993629
}