{
    "cg": {
        "num_iters": 100,
        "steps": {
            "A*s": 317.8667071970001,
            "alpha = (r*r) / s*A*s": 1.4245451670000002,
            "distributing s": 149.0700704799999,
            "r -= temp * alpha": 1.2526585830000003,
            "r*r": 0.5985710099999998,
            "sk+1 = rk+1 + beta * sk;": 1.6093978669999998,
            "x += s * alpha": 1.2613918940000006
        },
        "total": 473.101505758
    },
    "general_info": {
        "local_elements": 0,
        "local_rows": 16777216,
        "node": 2,
        "node_count": 8,
        "thread_count": 16
    },
    "io": 55.360520086,
    "total": 528.809440616
}