{
    "cg": {
        "num_iters": 100,
        "steps": {
            "A*s": 308.0423074650001,
            "alpha = (r*r) / s*A*s": 1.3378259839999997,
            "distributing s": 158.99530921300007,
            "r -= temp * alpha": 1.232375431999999,
            "r*r": 0.6114726189999999,
            "sk+1 = rk+1 + beta * sk;": 1.599911525999999,
            "x += s * alpha": 1.2679362719999998
        },
        "total": 473.109785961
    },
    "general_info": {
        "local_elements": 0,
        "local_rows": 16777216,
        "node": 3,
        "node_count": 8,
        "thread_count": 16
    },
    "io": 55.360811761,
    "total": 528.809212161
}