{
    "cg": {
        "num_iters": 100,
        "steps": {
            "A*s": 298.96021452300005,
            "alpha = (r*r) / s*A*s": 1.2249179149999991,
            "distributing s": 168.98556378599991,
            "r -= temp * alpha": 0.42429753999999986,
            "r*r": 2.297671978999999,
            "sk+1 = rk+1 + beta * sk;": 0.8089900939999999,
            "x += s * alpha": 0.39067679600000005
        },
        "total": 473.109066935
    },
    "general_info": {
        "local_elements": 0,
        "local_rows": 16777216,
        "node": 6,
        "node_count": 8,
        "thread_count": 16
    },
    "io": 55.351085951,
    "total": 528.808234471
}