{
    "cg": {
        "num_iters": 100,
        "steps": {
            "A*s": 298.87781998199995,
            "alpha = (r*r) / s*A*s": 1.2577479230000006,
            "distributing s": 169.03788007100007,
            "r -= temp * alpha": 0.4244883260000002,
            "r*r": 2.296732714,
            "sk+1 = rk+1 + beta * sk;": 0.8071017640000002,
            "x += s * alpha": 0.38994077300000013
        },
        "total": 473.110357636
    },
    "general_info": {
        "local_elements": 0,
        "local_rows": 16777216,
        "node": 5,
        "node_count": 8,
        "thread_count": 16
    },
    "io": 55.350478406,
    "total": 528.809978507
}