{
    "cg": {
        "num_iters": 100,
        "steps": {
            "A*s": 3.8824369939999994,
            "alpha = (r*r) / s*A*s": 0.3131868419999999,
            "distributing s": 5.599193650000002,
            "edge sync": 0.017735781999999974,
            "r -= temp * alpha": 0.37890657000000005,
            "r*r": 0.132992465,
            "sk+1 = rk+1 + beta * sk;": 0.3282344270000001,
            "x += s * alpha": 0.34546077000000003
        },
        "total": 11.014479107
    },
    "general_info": {
        "local_elements": 96809088,
        "local_rows": 3568430,
        "node": 0,
        "node_count": 8,
        "thread_count": 16
    },
    "io": 7.021715293,
    "sync_creat": 0.000582351,
    "total": 18.082266272
}