{
    "cg": {
        "num_iters": 100,
        "steps": {
            "A*s": 1.6895646919999998,
            "alpha = (r*r) / s*A*s": 3.748767790000001,
            "distributing s": 4.497549379000001,
            "edge sync": 0.001608879000000001,
            "r -= temp * alpha": 0.16922683700000002,
            "r*r": 0.521012908,
            "sk+1 = rk+1 + beta * sk;": 0.18945975199999998,
            "x += s * alpha": 0.16254103200000003
        },
        "total": 11.001839758
    },
    "general_info": {
        "local_elements": 96809088,
        "local_rows": 3457494,
        "node": 6,
        "node_count": 8,
        "thread_count": 16
    },
    "io": 7.009818989,
    "sync_creat": 0.000712995,
    "total": 18.057855226
}