{
    "cg": {
        "num_iters": 100,
        "steps": {
            "A*s": 1.6188501369999988,
            "alpha = (r*r) / s*A*s": 3.8334545369999993,
            "distributing s": 4.47294704,
            "edge sync": 0.0027769670000000013,
            "r -= temp * alpha": 0.17779403000000002,
            "r*r": 0.5003561299999999,
            "sk+1 = rk+1 + beta * sk;": 0.20054263400000003,
            "x += s * alpha": 0.17977058999999995
        },
        "total": 11.000632696
    },
    "general_info": {
        "local_elements": 96809088,
        "local_rows": 3513031,
        "node": 2,
        "node_count": 8,
        "thread_count": 16
    },
    "io": 7.018587303,
    "sync_creat": 0.000714889,
    "total": 18.066442049
}