{
    "cg": {
        "num_iters": 100,
        "steps": {
            "A*s": 1.7193555380000007,
            "alpha = (r*r) / s*A*s": 4.117217183,
            "distributing s": 4.088993070000002,
            "edge sync": 0.0013425700000000004,
            "r -= temp * alpha": 0.16796292799999998,
            "r*r": 0.5223693769999997,
            "sk+1 = rk+1 + beta * sk;": 0.20098928000000002,
            "x += s * alpha": 0.16758062299999998
        },
        "total": 10.998385278
    },
    "general_info": {
        "local_elements": 96809088,
        "local_rows": 3557732,
        "node": 3,
        "node_count": 8,
        "thread_count": 16
    },
    "io": 7.010631749,
    "sync_creat": 0.000732569,
    "total": 18.055185589
}