{
    "cg": {
        "num_iters": 100,
        "steps": {
            "A*s": 1.6447958059999999,
            "alpha = (r*r) / s*A*s": 4.210365904,
            "distributing s": 4.067854327999999,
            "edge sync": 0.0010277090000000001,
            "r -= temp * alpha": 0.17816669799999996,
            "r*r": 0.5068707720000001,
            "sk+1 = rk+1 + beta * sk;": 0.20563894599999996,
            "x += s * alpha": 0.17347987300000006
        },
        "total": 10.99883644
    },
    "general_info": {
        "local_elements": 96809088,
        "local_rows": 3457494,
        "node": 5,
        "node_count": 8,
        "thread_count": 16
    },
    "io": 7.009617277,
    "sync_creat": 0.000716747,
    "total": 18.054626072
}