{
    "cg": {
        "num_iters": 100,
        "steps": {
            "A*s": 529.848364695,
            "alpha = (r*r) / s*A*s": 2.3679242890000003,
            "distributing s": 253.26411134299997,
            "r -= temp * alpha": 1.5489871209999997,
            "r*r": 1.0076178549999997,
            "sk+1 = rk+1 + beta * sk;": 3.148244725,
            "x += s * alpha": 1.8584120049999997
        },
        "total": 793.06659725
    },
    "general_info": {
        "local_elements": 0,
        "local_rows": 33554432,
        "node": 2,
        "node_count": 4,
        "thread_count": 32
    },
    "io": 98.31514867,
    "total": 891.814261131
}