{
    "cg": {
        "num_iters": 100,
        "steps": {
            "A*s": 534.98477279,
            "alpha = (r*r) / s*A*s": 2.3371857599999997,
            "distributing s": 248.09820031299992,
            "r -= temp * alpha": 1.702967686999999,
            "r*r": 0.8076631879999998,
            "sk+1 = rk+1 + beta * sk;": 3.220115903999999,
            "x += s * alpha": 1.9043273909999996
        },
        "total": 793.070647011
    },
    "general_info": {
        "local_elements": 0,
        "local_rows": 33554430,
        "node": 3,
        "node_count": 4,
        "thread_count": 32
    },
    "io": 98.312789476,
    "total": 891.812666698
}