{
    "cg": {
        "num_iters": 100,
        "steps": {
            "A*s": 18.301692493000004,
            "alpha = (r*r) / s*A*s": 5.589148511,
            "distributing s": 2.490620442,
            "edge sync": 0.010346230000000001,
            "r -= temp * alpha": 3.4105842049999997,
            "r*r": 1.2485501019999998,
            "sk+1 = rk+1 + beta * sk;": 3.8221412359999998,
            "x += s * alpha": 3.5743630210000004
        },
        "total": 38.456915354
    },
    "general_info": {
        "local_elements": 965146496,
        "local_rows": 26295358,
        "node": 0,
        "node_count": 2,
        "thread_count": 64
    },
    "io": 39.345373348,
    "sync_creat": 0.000188942,
    "total": 77.942070607
}