{
    "cg": {
        "num_iters": 100,
        "steps": {
            "A*s": 257.495215184,
            "alpha = (r*r) / s*A*s": 12.264887698,
            "r -= temp * alpha": 7.681368433999999,
            "r*r": 4.233904243000001,
            "sk+1 = rk+1 + beta * sk;": 30.534910033999985,
            "x += s * alpha": 11.470312039000003
        },
        "total": 323.685227395
    },
    "general_info": {
        "thread_count": 128
    },
    "io": 173.626092538,
    "total": 497.741648891
}