{
    "cg": {
        "num_iters": 100,
        "steps": {
            "A*s": 2.64670143,
            "alpha = (r*r) / s*A*s": 5.818066688,
            "distributing s": 8.587498713000002,
            "edge sync": 0.0002568519999999999,
            "r -= temp * alpha": 0.2964401099999999,
            "r*r": 1.122663936,
            "sk+1 = rk+1 + beta * sk;": 0.37419138099999993,
            "x += s * alpha": 0.34696508899999995
        },
        "total": 19.203303056
    },
    "general_info": {
        "local_elements": 241286656,
        "local_rows": 6038011,
        "node": 3,
        "node_count": 8,
        "thread_count": 32
    },
    "io": 19.863694832,
    "sync_creat": 0.000542937,
    "total": 39.142099337
}