{
    "cg": {
        "num_iters": 100,
        "steps": {
            "A*s": 2.6827667450000003,
            "alpha = (r*r) / s*A*s": 6.172964103,
            "distributing s": 10.267147872000002,
            "edge sync": 0.00027525299999999993,
            "r -= temp * alpha": 0.2832425600000001,
            "r*r": 1.5507955640000004,
            "sk+1 = rk+1 + beta * sk;": 0.413812008,
            "x += s * alpha": 0.29904946500000007
        },
        "total": 21.680324005
    },
    "general_info": {
        "local_elements": 241286656,
        "local_rows": 6038011,
        "node": 3,
        "node_count": 8,
        "thread_count": 32
    },
    "io": 37.456672998,
    "sync_creat": 0.001000834,
    "total": 59.224315954
}