{
    "cg": {
        "num_iters": 100,
        "steps": {
            "A*s": 3.0947442339999993,
            "alpha = (r*r) / s*A*s": 4.952586330000001,
            "distributing s": 8.917179154000001,
            "edge sync": 0.016751676999999982,
            "r -= temp * alpha": 0.2681401450000001,
            "r*r": 1.177603319,
            "sk+1 = rk+1 + beta * sk;": 0.42125441300000016,
            "x += s * alpha": 0.3152459790000001
        },
        "total": 19.180330164
    },
    "general_info": {
        "local_elements": 241286656,
        "local_rows": 5568016,
        "node": 2,
        "node_count": 8,
        "thread_count": 32
    },
    "io": 19.851669535,
    "sync_creat": 0.000510665,
    "total": 39.107120286
}