{
    "cg": {
        "num_iters": 100,
        "steps": {
            "A*s": 2.99339574,
            "alpha = (r*r) / s*A*s": 5.477263769999998,
            "distributing s": 8.557673314000002,
            "edge sync": 0.001755002,
            "r -= temp * alpha": 0.293092415,
            "r*r": 1.1495771270000001,
            "sk+1 = rk+1 + beta * sk;": 0.3918010720000001,
            "x += s * alpha": 0.32341336400000015
        },
        "total": 19.203213034
    },
    "general_info": {
        "local_elements": 241286356,
        "local_rows": 5696844,
        "node": 7,
        "node_count": 8,
        "thread_count": 32
    },
    "io": 19.866922872,
    "sync_creat": 0.000619905,
    "total": 39.145332959
}