{
    "cg": {
        "num_iters": 100,
        "steps": {
            "A*s": 4.153661056,
            "alpha = (r*r) / s*A*s": 2.474955272,
            "distributing s": 11.585073104,
            "edge sync": 0.046949391,
            "r -= temp * alpha": 0.785310997,
            "r*r": 0.5309897699999997,
            "sk+1 = rk+1 + beta * sk;": 1.2924844979999999,
            "x += s * alpha": 0.8166207810000001
        },
        "total": 21.694858599
    },
    "general_info": {
        "local_elements": 241286656,
        "local_rows": 7354022,
        "node": 1,
        "node_count": 8,
        "thread_count": 32
    },
    "io": 37.452967668,
    "sync_creat": 0.000884207,
    "total": 59.235045869
}