{
    "cg": {
        "num_iters": 100,
        "steps": {
            "A*s": 2.9394365500000013,
            "alpha = (r*r) / s*A*s": 3.8045737080000017,
            "distributing s": 10.294635522000002,
            "edge sync": 0.0008753660000000004,
            "r -= temp * alpha": 0.2913904009999999,
            "r*r": 1.1769327399999996,
            "sk+1 = rk+1 + beta * sk;": 0.367861124,
            "x += s * alpha": 0.30805427599999985
        },
        "total": 19.194287342
    },
    "general_info": {
        "local_elements": 241286656,
        "local_rows": 5982191,
        "node": 4,
        "node_count": 8,
        "thread_count": 32
    },
    "io": 19.863663765,
    "sync_creat": 0.000560407,
    "total": 39.133063635
}