{
    "cg": {
        "num_iters": 100,
        "steps": {
            "A*s": 3.3322880160000006,
            "alpha = (r*r) / s*A*s": 4.737109179000002,
            "distributing s": 8.875172704999999,
            "edge sync": 0.0009827370000000002,
            "r -= temp * alpha": 0.3020877,
            "r*r": 1.0949182030000002,
            "sk+1 = rk+1 + beta * sk;": 0.44901195799999993,
            "x += s * alpha": 0.3797431699999999
        },
        "total": 19.180175015
    },
    "general_info": {
        "local_elements": 241286656,
        "local_rows": 6476883,
        "node": 6,
        "node_count": 8,
        "thread_count": 32
    },
    "io": 19.851611619,
    "sync_creat": 0.000581335,
    "total": 39.10694241
}