{
    "cg": {
        "num_iters": 100,
        "steps": {
            "A*s": 5.204190744000002,
            "alpha = (r*r) / s*A*s": 2.2596971359999998,
            "distributing s": 9.204894602000003,
            "edge sync": 0.002328504000000001,
            "r -= temp * alpha": 0.645241226,
            "r*r": 0.334363763,
            "sk+1 = rk+1 + beta * sk;": 0.7915917360000001,
            "x += s * alpha": 0.7856734850000002
        },
        "total": 19.239231217
    },
    "general_info": {
        "local_elements": 241286656,
        "local_rows": 7354022,
        "node": 1,
        "node_count": 8,
        "thread_count": 32
    },
    "io": 19.864299879,
    "sync_creat": 0.000548403,
    "total": 39.178650821
}