{
    "cg": {
        "num_iters": 100,
        "steps": {
            "A*s": 2.8137613459999993,
            "alpha = (r*r) / s*A*s": 2.459277193,
            "distributing s": 10.403227828999999,
            "edge sync": 3.4416281179999992,
            "r -= temp * alpha": 0.2599990730000001,
            "r*r": 1.6072323419999996,
            "sk+1 = rk+1 + beta * sk;": 0.408993567,
            "x += s * alpha": 0.27936907700000013
        },
        "total": 21.687021358
    },
    "general_info": {
        "local_elements": 241286656,
        "local_rows": 5568016,
        "node": 2,
        "node_count": 8,
        "thread_count": 32
    },
    "io": 37.457111696,
    "sync_creat": 0.001027815,
    "total": 59.231480563
}