{
    "cg": {
        "num_iters": 100,
        "steps": {
            "A*s": 5.882664793000001,
            "alpha = (r*r) / s*A*s": 0.8523579520000002,
            "distributing s": 9.948279544,
            "edge sync": 0.000441451,
            "r -= temp * alpha": 0.6534415559999996,
            "r*r": 0.42389199199999983,
            "sk+1 = rk+1 + beta * sk;": 0.713961744,
            "x += s * alpha": 0.6988329970000002
        },
        "total": 19.194295053
    },
    "general_info": {
        "local_elements": 241286656,
        "local_rows": 7335309,
        "node": 0,
        "node_count": 8,
        "thread_count": 32
    },
    "io": 19.847560642,
    "sync_creat": 0.000483954,
    "total": 39.116935743
}