{
    "cg": {
        "num_iters": 100,
        "steps": {
            "A*s": 2.8797600690000005,
            "alpha = (r*r) / s*A*s": 2.826884611000001,
            "distributing s": 12.442248705999999,
            "edge sync": 0.9602227169999998,
            "r -= temp * alpha": 0.2893264400000001,
            "r*r": 1.5401289380000003,
            "sk+1 = rk+1 + beta * sk;": 0.443047439,
            "x += s * alpha": 0.30346861499999994
        },
        "total": 21.694934709
    },
    "general_info": {
        "local_elements": 241286656,
        "local_rows": 6184868,
        "node": 5,
        "node_count": 8,
        "thread_count": 32
    },
    "io": 37.443273817,
    "sync_creat": 0.0010284650000000001,
    "total": 59.225549607
}