{
    "cg": {
        "num_iters": 100,
        "steps": {
            "A*s": 5.386862595999996,
            "alpha = (r*r) / s*A*s": 1.1089655880000002,
            "distributing s": 4.663621436,
            "edge sync": 0.0010368259999999998,
            "r -= temp * alpha": 0.53156961,
            "r*r": 0.6779157819999998,
            "sk+1 = rk+1 + beta * sk;": 0.629183491,
            "x += s * alpha": 0.6099439919999999
        },
        "total": 13.620842744
    },
    "general_info": {
        "local_elements": 482573248,
        "local_rows": 11606030,
        "node": 1,
        "node_count": 4,
        "thread_count": 32
    },
    "io": 45.976697001,
    "sync_creat": 0.000811124,
    "total": 59.673413897
}