{
    "cg": {
        "num_iters": 100,
        "steps": {
            "A*s": 5.172012320999999,
            "alpha = (r*r) / s*A*s": 1.2481665629999998,
            "distributing s": 4.589477904999999,
            "edge sync": 0.0010371960000000002,
            "r -= temp * alpha": 0.689913287,
            "r*r": 0.4593786409999999,
            "sk+1 = rk+1 + beta * sk;": 0.7699292750000002,
            "x += s * alpha": 0.6720713860000002
        },
        "total": 13.620505204
    },
    "general_info": {
        "local_elements": 482573248,
        "local_rows": 14689329,
        "node": 0,
        "node_count": 4,
        "thread_count": 32
    },
    "io": 45.974496499,
    "sync_creat": 0.000818881,
    "total": 59.670878701
}