{
    "cg": {
        "num_iters": 100,
        "steps": {
            "A*s": 13.592427491,
            "alpha = (r*r) / s*A*s": 3.679212737,
            "r -= temp * alpha": 3.1026377110000003,
            "r*r": 2.140812636000001,
            "sk+1 = rk+1 + beta * sk;": 5.051412812000001,
            "x += s * alpha": 3.4572658919999992
        },
        "total": 31.039257437
    },
    "general_info": {
        "thread_count": 128
    },
    "io": 69.256774397,
    "total": 100.455362008
}