{
    "cg": {
        "num_iters": 100,
        "steps": {
            "A*s": 5.758748953999999,
            "alpha = (r*r) / s*A*s": 4.204534507,
            "distributing s": 7.119366310999998,
            "edge sync": 0.0013951069999999996,
            "r -= temp * alpha": 0.564930984,
            "r*r": 1.9415711790000003,
            "sk+1 = rk+1 + beta * sk;": 0.7802996389999999,
            "x += s * alpha": 0.656727384
        },
        "total": 21.040570475
    },
    "general_info": {
        "local_elements": 482573204,
        "local_rows": 12173728,
        "node": 3,
        "node_count": 4,
        "thread_count": 32
    },
    "io": 24.770339909,
    "sync_creat": 0.001467229,
    "total": 45.912668028
}