{
    "cg": {
        "num_iters": 100,
        "steps": {
            "A*s": 29.398923695999994,
            "alpha = (r*r) / s*A*s": 1.2924067960000005,
            "distributing s": 23.909174760999996,
            "edge sync": 0.0009259929999999997,
            "r -= temp * alpha": 0.774425192,
            "r*r": 0.7160305990000003,
            "sk+1 = rk+1 + beta * sk;": 1.5144011789999996,
            "x += s * alpha": 0.956610333
        },
        "total": 58.565629853
    },
    "general_info": {
        "local_elements": 527908096,
        "local_rows": 16754112,
        "node": 6,
        "node_count": 8,
        "thread_count": 64
    },
    "io": 39.979755693,
    "sync_creat": 0.000561154,
    "total": 98.689390244
}