{
    "cg": {
        "num_iters": 100,
        "steps": {
            "A*s": 29.261513545999993,
            "alpha = (r*r) / s*A*s": 2.064753336,
            "distributing s": 23.228652102000005,
            "edge sync": 0.0003364530000000001,
            "r -= temp * alpha": 0.7867078419999999,
            "r*r": 0.6559359269999997,
            "sk+1 = rk+1 + beta * sk;": 1.5551496890000007,
            "x += s * alpha": 1.005336581
        },
        "total": 58.560523531
    },
    "general_info": {
        "local_elements": 527908096,
        "local_rows": 16960686,
        "node": 4,
        "node_count": 8,
        "thread_count": 64
    },
    "io": 39.980258963,
    "sync_creat": 0.000532326,
    "total": 98.684765488
}