{
    "cg": {
        "num_iters": 100,
        "steps": {
            "A*s": 28.971764890999985,
            "alpha = (r*r) / s*A*s": 1.83798803,
            "distributing s": 23.790150878999995,
            "edge sync": 0.012135292999999998,
            "r -= temp * alpha": 0.7759265230000001,
            "r*r": 0.685654656,
            "sk+1 = rk+1 + beta * sk;": 1.5130841600000007,
            "x += s * alpha": 0.9780707859999999
        },
        "total": 58.566990266
    },
    "general_info": {
        "local_elements": 527908096,
        "local_rows": 16811156,
        "node": 3,
        "node_count": 8,
        "thread_count": 64
    },
    "io": 39.978961892,
    "sync_creat": 0.000487222,
    "total": 98.689915756
}