{
    "cg": {
        "num_iters": 100,
        "steps": {
            "A*s": 29.538893239999997,
            "alpha = (r*r) / s*A*s": 1.1672339109999996,
            "distributing s": 23.787207952000003,
            "edge sync": 0.0013467449999999997,
            "r -= temp * alpha": 0.7832754009999998,
            "r*r": 0.700505813,
            "sk+1 = rk+1 + beta * sk;": 1.6203247849999998,
            "x += s * alpha": 0.964566302
        },
        "total": 58.565833018
    },
    "general_info": {
        "local_elements": 527908096,
        "local_rows": 16633476,
        "node": 2,
        "node_count": 8,
        "thread_count": 64
    },
    "io": 39.978343127,
    "sync_creat": 0.000486417,
    "total": 98.688128963
}