{
    "cg": {
        "num_iters": 100,
        "steps": {
            "A*s": 2.153490368000001,
            "alpha = (r*r) / s*A*s": 3.616148069,
            "distributing s": 3.3961767400000005,
            "edge sync": 0.007759208999999999,
            "r -= temp * alpha": 0.32855331500000007,
            "r*r": 1.1559233489999996,
            "sk+1 = rk+1 + beta * sk;": 0.387496441,
            "x += s * alpha": 0.34963438399999996
        },
        "total": 11.410781047
    },
    "general_info": {
        "local_elements": 193618112,
        "local_rows": 6926308,
        "node": 2,
        "node_count": 4,
        "thread_count": 32
    },
    "io": 9.530529027,
    "sync_creat": 0.001614419,
    "total": 20.995113248
}