{
    "cg": {
        "num_iters": 100,
        "steps": {
            "A*s": 2.0637636090000004,
            "alpha = (r*r) / s*A*s": 3.098173457000001,
            "distributing s": 4.053915344,
            "edge sync": 0.0012947749999999997,
            "r -= temp * alpha": 0.33028069100000007,
            "r*r": 1.1574174799999997,
            "sk+1 = rk+1 + beta * sk;": 0.3743906240000001,
            "x += s * alpha": 0.3495798640000002
        },
        "total": 11.440196863
    },
    "general_info": {
        "local_elements": 193618016,
        "local_rows": 6915084,
        "node": 3,
        "node_count": 4,
        "thread_count": 32
    },
    "io": 9.530241175,
    "sync_creat": 0.001601249,
    "total": 21.024233397
}