{
    "cg": {
        "num_iters": 100,
        "steps": {
            "A*s": 3.9300174429999992,
            "alpha = (r*r) / s*A*s": 1.8247061060000005,
            "distributing s": 3.2459573239999995,
            "edge sync": 0.12071264100000004,
            "r -= temp * alpha": 0.6404523319999997,
            "r*r": 0.48396727300000003,
            "sk+1 = rk+1 + beta * sk;": 0.5601612280000003,
            "x += s * alpha": 0.5934860190000003
        },
        "total": 11.4109552
    },
    "general_info": {
        "local_elements": 193618112,
        "local_rows": 7070751,
        "node": 1,
        "node_count": 4,
        "thread_count": 32
    },
    "io": 9.529535102,
    "sync_creat": 0.001584455,
    "total": 20.994293346
}