{
    "cg": {
        "num_iters": 100,
        "steps": {
            "A*s": 51.37084002400001,
            "alpha = (r*r) / s*A*s": 1.7804347989999998,
            "r -= temp * alpha": 0.23930595400000004,
            "r*r": 2.164901888000001,
            "sk+1 = rk+1 + beta * sk;": 0.9484823529999998,
            "x += s * alpha": 0.20760239499999994
        },
        "total": 56.711669344
    },
    "general_info": {
        "local_elements": 0,
        "local_rows": 0,
        "node": 2,
        "node_count": 4,
        "thread_count": 32
    },
    "io": 50.893186215,
    "total": 107.75874226
}