{
    "cg": {
        "num_iters": 100,
        "steps": {
            "A*s": 51.88954176800002,
            "alpha = (r*r) / s*A*s": 1.0420807909999998,
            "distributing s": 68.70200650299998,
            "r -= temp * alpha": 0.4488592550000001,
            "r*r": 0.5762223180000003,
            "sk+1 = rk+1 + beta * sk;": 1.3596318699999996,
            "x += s * alpha": 0.55304344
        },
        "total": 124.584761317
    },
    "general_info": {
        "local_elements": 0,
        "local_rows": 12659038,
        "node": 1,
        "node_count": 4,
        "thread_count": 32
    },
    "io": 16.956418184,
    "total": 141.751829164
}