{
    "cg": {
        "num_iters": 100,
        "steps": {
            "A*s": 51.287061605,
            "alpha = (r*r) / s*A*s": 1.2179915710000009,
            "r -= temp * alpha": 0.5773224600000001,
            "r*r": 1.5978842380000007,
            "sk+1 = rk+1 + beta * sk;": 1.5841765560000005,
            "x += s * alpha": 0.4529386949999999
        },
        "total": 56.717454648
    },
    "general_info": {
        "local_elements": 0,
        "local_rows": 0,
        "node": 1,
        "node_count": 4,
        "thread_count": 32
    },
    "io": 50.895056298,
    "total": 107.764528013
}