{
    "cg": {
        "num_iters": 100,
        "steps": {
            "A*s": 52.890993591999994,
            "alpha = (r*r) / s*A*s": 0.9379880329999998,
            "distributing s": 67.79718192899999,
            "r -= temp * alpha": 0.578108953,
            "r*r": 0.4393656169999999,
            "sk+1 = rk+1 + beta * sk;": 1.3673858549999995,
            "x += s * alpha": 0.5614361949999999
        },
        "total": 124.584789719
    },
    "general_info": {
        "local_elements": 0,
        "local_rows": 12659037,
        "node": 3,
        "node_count": 4,
        "thread_count": 32
    },
    "io": 16.947885598,
    "total": 141.750390008
}