{
    "cg": {
        "num_iters": 100,
        "steps": {
            "A*s": 51.514873458999986,
            "alpha = (r*r) / s*A*s": 0.9827759700000002,
            "distributing s": 69.13943555799997,
            "r -= temp * alpha": 0.5584476480000002,
            "r*r": 0.47646117400000004,
            "sk+1 = rk+1 + beta * sk;": 1.3544950970000007,
            "x += s * alpha": 0.54283622
        },
        "total": 124.584764714
    },
    "general_info": {
        "local_elements": 0,
        "local_rows": 12659038,
        "node": 2,
        "node_count": 4,
        "thread_count": 32
    },
    "io": 16.947588763,
    "total": 141.751450489
}