{
    "cg": {
        "num_iters": 100,
        "steps": {
            "A*s": 42.261054761000004,
            "alpha = (r*r) / s*A*s": 0.9354283070000001,
            "distributing s": 78.36029794999997,
            "r -= temp * alpha": 0.5641928329999999,
            "r*r": 0.38771783699999995,
            "sk+1 = rk+1 + beta * sk;": 1.4490911809999996,
            "x += s * alpha": 0.6255231840000002
        },
        "total": 124.605793745
    },
    "general_info": {
        "local_elements": 0,
        "local_rows": 12659038,
        "node": 0,
        "node_count": 4,
        "thread_count": 32
    },
    "io": 16.95376654,
    "total": 141.777457978
}