{
    "cg": {
        "num_iters": 100,
        "steps": {
            "A*s": 49.66745169299998,
            "alpha = (r*r) / s*A*s": 3.4520918149999997,
            "r -= temp * alpha": 0.22643879100000008,
            "r*r": 2.2170853119999996,
            "sk+1 = rk+1 + beta * sk;": 0.9617188710000003,
            "x += s * alpha": 0.18675591400000002
        },
        "total": 56.711654027
    },
    "general_info": {
        "local_elements": 0,
        "local_rows": 0,
        "node": 3,
        "node_count": 4,
        "thread_count": 32
    },
    "io": 50.892700716,
    "total": 107.758679444
}