{
    "cg": {
        "num_iters": 100,
        "steps": {
            "A*s": 664.2678335719999,
            "alpha = (r*r) / s*A*s": 20.055343024,
            "r -= temp * alpha": 13.927729384000001,
            "r*r": 5.747389904999998,
            "sk+1 = rk+1 + beta * sk;": 19.65718238,
            "x += s * alpha": 15.760635112000006
        },
        "total": 739.421781827
    },
    "general_info": {
        "thread_count": 32
    },
    "io": 185.985696586,
    "total": 926.118433521
}