{
    "cg": {
        "num_iters": 100,
        "steps": {
            "A*s": 1121.7508991809998,
            "alpha = (r*r) / s*A*s": 9.109619874999996,
            "r -= temp * alpha": 13.633406252,
            "r*r": 4.9897529469999995,
            "sk+1 = rk+1 + beta * sk;": 12.505162514999999,
            "x += s * alpha": 13.482519079000005
        },
        "total": 1175.475862691
    },
    "general_info": {
        "thread_count": 16
    },
    "io": 196.288063111,
    "total": 1372.32550196
}