{
    "cg": {
        "num_iters": 100,
        "steps": {
            "A*s": 15.404678240999996,
            "alpha = (r*r) / s*A*s": 0.3838472159999999,
            "distributing s": 23.390523603999988,
            "r -= temp * alpha": 0.23286513999999986,
            "r*r": 0.23218738300000008,
            "sk+1 = rk+1 + beta * sk;": 0.3077669430000001,
            "x += s * alpha": 0.115220821
        },
        "total": 40.077229728
    },
    "general_info": {
        "local_elements": 0,
        "local_rows": 3499200,
        "node": 0,
        "node_count": 8,
        "thread_count": 16
    },
    "io": 3.680994946,
    "total": 43.846483267
}