{
    "cg": {
        "num_iters": 100,
        "steps": {
            "A*s": 18.173411032000008,
            "alpha = (r*r) / s*A*s": 0.38883019999999985,
            "distributing s": 20.67500602600001,
            "r -= temp * alpha": 0.09200452599999996,
            "r*r": 0.4194627389999998,
            "sk+1 = rk+1 + beta * sk;": 0.24567565800000002,
            "x += s * alpha": 0.06825458000000001
        },
        "total": 40.07717622
    },
    "general_info": {
        "local_elements": 0,
        "local_rows": 3499200,
        "node": 6,
        "node_count": 8,
        "thread_count": 16
    },
    "io": 3.680298714,
    "total": 43.846499342
}