{
    "cg": {
        "num_iters": 100,
        "steps": {
            "A*s": 18.683576420999998,
            "alpha = (r*r) / s*A*s": 0.38889294100000005,
            "distributing s": 20.064218095999994,
            "r -= temp * alpha": 0.24174966199999998,
            "r*r": 0.15552163800000005,
            "sk+1 = rk+1 + beta * sk;": 0.3435240490000001,
            "x += s * alpha": 0.18256458200000006
        },
        "total": 40.07235304
    },
    "general_info": {
        "local_elements": 0,
        "local_rows": 3499200,
        "node": 4,
        "node_count": 8,
        "thread_count": 16
    },
    "io": 3.680545133,
    "total": 43.846126051
}