{
    "cg": {
        "num_iters": 100,
        "steps": {
            "A*s": 18.321178602,
            "alpha = (r*r) / s*A*s": 0.38999151500000023,
            "distributing s": 20.45840693600001,
            "r -= temp * alpha": 0.22877535699999993,
            "r*r": 0.15486555600000002,
            "sk+1 = rk+1 + beta * sk;": 0.309028761,
            "x += s * alpha": 0.19579619999999998
        },
        "total": 40.071127608
    },
    "general_info": {
        "local_elements": 0,
        "local_rows": 3499200,
        "node": 1,
        "node_count": 8,
        "thread_count": 16
    },
    "io": 3.680863476,
    "total": 43.846672533
}