{
    "cg": {
        "num_iters": 100,
        "steps": {
            "A*s": 18.323371392999995,
            "alpha = (r*r) / s*A*s": 0.39140757700000006,
            "distributing s": 20.51641507800001,
            "r -= temp * alpha": 0.09624737899999997,
            "r*r": 0.41227414799999995,
            "sk+1 = rk+1 + beta * sk;": 0.240122849,
            "x += s * alpha": 0.07113307299999999
        },
        "total": 40.071181694
    },
    "general_info": {
        "local_elements": 0,
        "local_rows": 3499200,
        "node": 5,
        "node_count": 8,
        "thread_count": 16
    },
    "io": 3.681055235,
    "total": 43.846843535
}