{
    "cg": {
        "num_iters": 100,
        "steps": {
            "A*s": 18.478606573000008,
            "alpha = (r*r) / s*A*s": 0.39058698799999986,
            "distributing s": 20.36489616199999,
            "r -= temp * alpha": 0.09424655200000001,
            "r*r": 0.41888999299999985,
            "sk+1 = rk+1 + beta * sk;": 0.24460282800000002,
            "x += s * alpha": 0.06628556799999999
        },
        "total": 40.071262952
    },
    "general_info": {
        "local_elements": 0,
        "local_rows": 3499200,
        "node": 7,
        "node_count": 8,
        "thread_count": 16
    },
    "io": 3.681382173,
    "total": 43.846938451
}