{
    "cg": {
        "num_iters": 100,
        "steps": {
            "A*s": 235.16669736400007,
            "alpha = (r*r) / s*A*s": 4.166015626,
            "distributing s": 18.281489860999997,
            "edge sync": 0.000987797,
            "r -= temp * alpha": 3.3081655629999993,
            "r*r": 1.8185300689999995,
            "sk+1 = rk+1 + beta * sk;": 3.6273767000000006,
            "x += s * alpha": 4.621660218999998
        },
        "total": 270.995204166
    },
    "general_info": {
        "local_elements": 1055816192,
        "local_rows": 33481489,
        "node": 0,
        "node_count": 4,
        "thread_count": 32
    },
    "io": 5.695394298,
    "sync_creat": 0.001148167,
    "total": 276.941044657
}