{
    "cg": {
        "num_iters": 100,
        "steps": {
            "A*s": 226.414454435,
            "alpha = (r*r) / s*A*s": 12.975201122000001,
            "distributing s": 18.522899750999994,
            "edge sync": 7.335099999999998e-05,
            "r -= temp * alpha": 2.9021699339999993,
            "r*r": 3.401781700999999,
            "sk+1 = rk+1 + beta * sk;": 3.362445694999999,
            "x += s * alpha": 3.41242734
        },
        "total": 270.994621789
    },
    "general_info": {
        "local_elements": 1055816068,
        "local_rows": 33616430,
        "node": 3,
        "node_count": 4,
        "thread_count": 32
    },
    "io": 5.703703004,
    "sync_creat": 0.006325685,
    "total": 276.953993683
}