{
    "cg": {
        "num_iters": 100,
        "steps": {
            "A*s": 182.29241739300005,
            "alpha = (r*r) / s*A*s": 53.81337177599998,
            "distributing s": 22.125844069999996,
            "edge sync": 0.0008195620000000006,
            "r -= temp * alpha": 3.073418276,
            "r*r": 3.2019040600000004,
            "sk+1 = rk+1 + beta * sk;": 3.0604335150000006,
            "x += s * alpha": 3.4410652770000008
        },
        "total": 271.014736776
    },
    "general_info": {
        "local_elements": 1055816192,
        "local_rows": 33444631,
        "node": 1,
        "node_count": 4,
        "thread_count": 32
    },
    "io": 5.695424964,
    "sync_creat": 0.006382621,
    "total": 276.965862822
}