{
    "cg": {
        "num_iters": 100,
        "steps": {
            "A*s": 369.4963410379999,
            "alpha = (r*r) / s*A*s": 325.40742847999996,
            "distributing s": 10.355456196000002,
            "edge sync": 0.0015867169999999992,
            "r -= temp * alpha": 7.017521784999999,
            "r*r": 3.4412192889999993,
            "sk+1 = rk+1 + beta * sk;": 12.984661098000004,
            "x += s * alpha": 9.255472105000003
        },
        "total": 737.964146986
    },
    "general_info": {
        "local_elements": 2111632320,
        "local_rows": 66926120,
        "node": 0,
        "node_count": 2,
        "thread_count": 64
    },
    "io": 86.34814432,
    "sync_creat": 0.000751646,
    "total": 824.669198521
}