{
    "cg": {
        "num_iters": 100,
        "steps": {
            "A*s": 270.1101715699999,
            "alpha = (r*r) / s*A*s": 36.788486316000004,
            "distributing s": 8.601972788000001,
            "edge sync": 0.0009492830000000003,
            "r -= temp * alpha": 6.789978679999999,
            "r*r": 3.700581563999999,
            "sk+1 = rk+1 + beta * sk;": 10.760157680999997,
            "x += s * alpha": 8.337638805999998
        },
        "total": 345.093352058
    },
    "general_info": {
        "local_elements": 2111632320,
        "local_rows": 66926120,
        "node": 0,
        "node_count": 2,
        "thread_count": 64
    },
    "io": 35.814220532,
    "sync_creat": 0.00073679,
    "total": 381.266161217
}