{
    "cg": {
        "num_iters": 100,
        "steps": {
            "A*s": 685.2080156959998,
            "alpha = (r*r) / s*A*s": 4.846530069000001,
            "distributing s": 21.096239350999994,
            "edge sync": 0.00010499100000000005,
            "r -= temp * alpha": 5.991572680999999,
            "r*r": 4.938480365999998,
            "sk+1 = rk+1 + beta * sk;": 7.145206551999999,
            "x += s * alpha": 8.78357966
        },
        "total": 738.012811618
    },
    "general_info": {
        "local_elements": 2111632324,
        "local_rows": 67291605,
        "node": 1,
        "node_count": 2,
        "thread_count": 64
    },
    "io": 86.36214536,
    "sync_creat": 0.000808955,
    "total": 824.731921221
}