{
    "avg": 17.2078088875,
    "matrix": "GAP-kron.csr5.h5",
    "num_runs": 10,
    "process_count": 2,
    "total": 172.07808887500002
}