{
    "avg": 27.285342605299995,
    "num_runs": 10,
    "total": 272.85342605299996
}