{
    "cg": {
        "num_iters": 100,
        "steps": {
            "A*s": 334.4683190870002,
            "alpha = (r*r) / s*A*s": 7.712193709000004,
            "distributing s": 21.549880704,
            "edge sync": 0.0011609860000000001,
            "r -= temp * alpha": 6.00123083,
            "r*r": 2.2662298929999998,
            "sk+1 = rk+1 + beta * sk;": 4.494394598000002,
            "x += s * alpha": 6.564532118999998
        },
        "total": 383.061676667
    },
    "general_info": {
        "local_elements": 1055816192,
        "local_rows": 33481489,
        "node": 0,
        "node_count": 4,
        "thread_count": 32
    },
    "io": 63.814879917,
    "sync_creat": 0.001790381,
    "total": 447.356430602
}