{
    "cg": {
        "num_iters": 100,
        "steps": {
            "A*s": 187.23860026399996,
            "alpha = (r*r) / s*A*s": 48.86451183299998,
            "distributing s": 21.802842957000006,
            "edge sync": 0.0007096309999999997,
            "r -= temp * alpha": 2.748184035000001,
            "r*r": 3.686076042,
            "sk+1 = rk+1 + beta * sk;": 3.352937845999997,
            "x += s * alpha": 3.3159719819999998
        },
        "total": 271.014043031
    },
    "general_info": {
        "local_elements": 1055816192,
        "local_rows": 33675175,
        "node": 2,
        "node_count": 4,
        "thread_count": 32
    },
    "io": 5.703921582,
    "sync_creat": 0.006285558,
    "total": 276.973540192
}