{
    "cg": {
        "num_iters": 100,
        "steps": {
            "A*s": 226.03002855599996,
            "alpha = (r*r) / s*A*s": 117.04322476500002,
            "distributing s": 21.886308942000003,
            "edge sync": 0.0009166510000000001,
            "r -= temp * alpha": 3.3221283519999996,
            "r*r": 8.106108954000003,
            "sk+1 = rk+1 + beta * sk;": 3.2616453360000004,
            "x += s * alpha": 3.4030163949999994
        },
        "total": 383.056749372
    },
    "general_info": {
        "local_elements": 1055816192,
        "local_rows": 33675175,
        "node": 2,
        "node_count": 4,
        "thread_count": 32
    },
    "io": 63.816757567,
    "sync_creat": 0.001768865,
    "total": 447.35328124
}