{
    "cg": {
        "num_iters": 100,
        "steps": {
            "A*s": 148.96879636600002,
            "alpha = (r*r) / s*A*s": 193.22346401900003,
            "distributing s": 22.694174240999992,
            "edge sync": 8.194199999999998e-05,
            "r -= temp * alpha": 3.213658535000001,
            "r*r": 8.686689138999999,
            "sk+1 = rk+1 + beta * sk;": 3.348516322999999,
            "x += s * alpha": 2.9213630859999995
        },
        "total": 383.061241111
    },
    "general_info": {
        "local_elements": 1055816068,
        "local_rows": 33616430,
        "node": 3,
        "node_count": 4,
        "thread_count": 32
    },
    "io": 63.817627254,
    "sync_creat": 0.001777054,
    "total": 447.35866724
}