{
    "cg": {
        "num_iters": 100,
        "steps": {
            "A*s": 268.230653117,
            "alpha = (r*r) / s*A*s": 74.86926892500001,
            "distributing s": 21.190163223000003,
            "edge sync": 0.0012202569999999995,
            "r -= temp * alpha": 2.8625817220000003,
            "r*r": 7.490568366999999,
            "sk+1 = rk+1 + beta * sk;": 3.940612925,
            "x += s * alpha": 4.468651284999999
        },
        "total": 383.057141194
    },
    "general_info": {
        "local_elements": 1055816192,
        "local_rows": 33444631,
        "node": 1,
        "node_count": 4,
        "thread_count": 32
    },
    "io": 63.81669134,
    "sync_creat": 0.00160052,
    "total": 447.353461821
}