{
    "cg": {
        "num_iters": 100,
        "steps": {
            "A*s": 12.869803298000003,
            "alpha = (r*r) / s*A*s": 1.8129720389999995,
            "r -= temp * alpha": 2.439488838000002,
            "r*r": 1.0121941659999998,
            "sk+1 = rk+1 + beta * sk;": 2.8526294580000005,
            "x += s * alpha": 2.371778967
        },
        "total": 23.383281566
    },
    "general_info": {
        "thread_count": 32
    },
    "io": 26.937061368,
    "total": 50.442293976
}