{
    "cg": {
        "num_iters": 100,
        "steps": {
            "A*s": 20.16506147,
            "alpha = (r*r) / s*A*s": 5.403440434999998,
            "r -= temp * alpha": 4.6975248390000015,
            "r*r": 1.9967456359999993,
            "sk+1 = rk+1 + beta * sk;": 4.774764797999999,
            "x += s * alpha": 6.164542399
        },
        "total": 43.212220372
    },
    "general_info": {
        "thread_count": 32
    },
    "io": 28.249908744,
    "total": 71.575080317
}