{
    "cg": {
        "num_iters": 100,
        "steps": {
            "A*s": 8.751047521999997,
            "alpha = (r*r) / s*A*s": 9.363011041999998,
            "distributing s": 9.858583030000002,
            "edge sync": 0.009394091999999998,
            "r -= temp * alpha": 0.29119898299999997,
            "r*r": 1.2343739979999995,
            "sk+1 = rk+1 + beta * sk;": 0.23450277999999997,
            "x += s * alpha": 0.29600519
        },
        "total": 30.041127041
    },
    "general_info": {
        "local_elements": 241286656,
        "local_rows": 5568016,
        "node": 2,
        "node_count": 8,
        "thread_count": 4
    },
    "io": 19.7452787,
    "sync_creat": 0.000553265,
    "total": 49.86625374
}