{
    "cg": {
        "num_iters": 100,
        "steps": {
            "A*s": 9.978104034000003,
            "alpha = (r*r) / s*A*s": 5.548446009000002,
            "distributing s": 12.040173366000001,
            "edge sync": 0.001364006000000001,
            "r -= temp * alpha": 0.7216449129999997,
            "r*r": 0.264792187,
            "sk+1 = rk+1 + beta * sk;": 0.6700986009999997,
            "x += s * alpha": 0.8402493519999996
        },
        "total": 30.068882625
    },
    "general_info": {
        "local_elements": 241286656,
        "local_rows": 7354022,
        "node": 1,
        "node_count": 8,
        "thread_count": 4
    },
    "io": 19.743972675,
    "sync_creat": 0.000549303,
    "total": 49.892687615
}