{
    "cg": {
        "num_iters": 100,
        "steps": {
            "A*s": 8.554750733,
            "alpha = (r*r) / s*A*s": 6.662815633000001,
            "distributing s": 12.774335442999993,
            "edge sync": 0.0009540749999999998,
            "r -= temp * alpha": 0.30314461,
            "r*r": 1.2179409239999996,
            "sk+1 = rk+1 + beta * sk;": 0.24456539499999994,
            "x += s * alpha": 0.3089565289999999
        },
        "total": 30.069318173
    },
    "general_info": {
        "local_elements": 241286656,
        "local_rows": 5982191,
        "node": 4,
        "node_count": 8,
        "thread_count": 4
    },
    "io": 19.745477648,
    "sync_creat": 0.000574467,
    "total": 49.894662924
}