{
    "cg": {
        "num_iters": 100,
        "steps": {
            "A*s": 10.128549328999998,
            "alpha = (r*r) / s*A*s": 4.580059360999998,
            "distributing s": 26.703338299000002,
            "edge sync": 0.10776236399999993,
            "r -= temp * alpha": 0.36685633299999987,
            "r*r": 3.8399903769999995,
            "sk+1 = rk+1 + beta * sk;": 0.37926216,
            "x += s * alpha": 0.358127134
        },
        "total": 46.470861899
    },
    "general_info": {
        "local_elements": 241286656,
        "local_rows": 6184868,
        "node": 5,
        "node_count": 8,
        "thread_count": 16
    },
    "io": 22.591580273,
    "sync_creat": 0.000396155,
    "total": 69.194465186
}