{
    "cg": {
        "num_iters": 100,
        "steps": {
            "A*s": 8.395297249,
            "alpha = (r*r) / s*A*s": 11.699161068,
            "distributing s": 21.326791467999996,
            "edge sync": 0.001979152999999999,
            "r -= temp * alpha": 0.5200139160000002,
            "r*r": 3.530793782,
            "sk+1 = rk+1 + beta * sk;": 0.46736817099999983,
            "x += s * alpha": 0.47409032300000004
        },
        "total": 46.431314943
    },
    "general_info": {
        "local_elements": 241286656,
        "local_rows": 6476883,
        "node": 6,
        "node_count": 8,
        "thread_count": 16
    },
    "io": 22.591928341,
    "sync_creat": 0.000397925,
    "total": 69.155192488
}