{
    "cg": {
        "num_iters": 100,
        "steps": {
            "A*s": 11.960121777999998,
            "alpha = (r*r) / s*A*s": 2.7822720019999987,
            "distributing s": 25.641808233999996,
            "edge sync": 0.0024098810000000004,
            "r -= temp * alpha": 1.2959081249999997,
            "r*r": 1.8366049519999998,
            "sk+1 = rk+1 + beta * sk;": 1.4466106320000005,
            "x += s * alpha": 1.4856937989999999
        },
        "total": 46.470784338
    },
    "general_info": {
        "local_elements": 241286656,
        "local_rows": 7354022,
        "node": 1,
        "node_count": 8,
        "thread_count": 16
    },
    "io": 22.584462528,
    "sync_creat": 0.000434443,
    "total": 69.187296268
}