{
    "cg": {
        "num_iters": 100,
        "steps": {
            "A*s": 9.007632766000002,
            "alpha = (r*r) / s*A*s": 6.469391065999998,
            "distributing s": 7.735147972000001,
            "edge sync": 0.0014742049999999997,
            "r -= temp * alpha": 0.5687089949999999,
            "r*r": 2.391736685,
            "sk+1 = rk+1 + beta * sk;": 0.6183810339999998,
            "x += s * alpha": 0.6401473600000002
        },
        "total": 27.443513392
    },
    "general_info": {
        "local_elements": 482573204,
        "local_rows": 12173728,
        "node": 3,
        "node_count": 4,
        "thread_count": 16
    },
    "io": 24.347392965,
    "sync_creat": 0.001199861,
    "total": 51.891365578
}