{
    "cg": {
        "num_iters": 100,
        "steps": {
            "A*s": 8.161590006,
            "alpha = (r*r) / s*A*s": 8.076421262999995,
            "distributing s": 6.927569433000002,
            "edge sync": 0.022756807000000018,
            "r -= temp * alpha": 0.6063928060000001,
            "r*r": 2.3371152380000004,
            "sk+1 = rk+1 + beta * sk;": 0.666421049,
            "x += s * alpha": 0.62472308
        },
        "total": 27.435954775
    },
    "general_info": {
        "local_elements": 482573248,
        "local_rows": 12167057,
        "node": 2,
        "node_count": 4,
        "thread_count": 16
    },
    "io": 24.346757219,
    "sync_creat": 0.001262353,
    "total": 51.883202788
}