{
    "cg": {
        "num_iters": 100,
        "steps": {
            "A*s": 11.458780706000004,
            "alpha = (r*r) / s*A*s": 5.438339939000001,
            "distributing s": 6.289171642,
            "edge sync": 0.0035442869999999997,
            "r -= temp * alpha": 1.4378811919999996,
            "r*r": 1.0417870299999998,
            "sk+1 = rk+1 + beta * sk;": 1.0919018729999994,
            "x += s * alpha": 1.1513858589999995
        },
        "total": 27.929965666
    },
    "general_info": {
        "local_elements": 482573248,
        "local_rows": 14689329,
        "node": 0,
        "node_count": 4,
        "thread_count": 16
    },
    "io": 22.490834369,
    "sync_creat": 0.000846576,
    "total": 50.52812955
}