{
    "cg": {
        "num_iters": 100,
        "steps": {
            "A*s": 12.965991408000004,
            "alpha = (r*r) / s*A*s": 2.495586213,
            "distributing s": 6.8900619310000035,
            "edge sync": 0.0029411570000000007,
            "r -= temp * alpha": 1.5572819139999998,
            "r*r": 0.5346355210000001,
            "sk+1 = rk+1 + beta * sk;": 1.4592148319999994,
            "x += s * alpha": 1.519232317
        },
        "total": 27.443381903
    },
    "general_info": {
        "local_elements": 482573248,
        "local_rows": 14689329,
        "node": 0,
        "node_count": 4,
        "thread_count": 16
    },
    "io": 24.345353666,
    "sync_creat": 0.001229869,
    "total": 51.889202952
}