{
    "cg": {
        "num_iters": 100,
        "steps": {
            "A*s": 8.945812812000002,
            "alpha = (r*r) / s*A*s": 7.952716967,
            "distributing s": 6.812686994,
            "edge sync": 0.0015148639999999997,
            "r -= temp * alpha": 0.565461022,
            "r*r": 2.415888115,
            "sk+1 = rk+1 + beta * sk;": 0.5804124039999998,
            "x += s * alpha": 0.6464513890000001
        },
        "total": 27.930109207
    },
    "general_info": {
        "local_elements": 482573204,
        "local_rows": 12173728,
        "node": 3,
        "node_count": 4,
        "thread_count": 16
    },
    "io": 22.50696452,
    "sync_creat": 0.000958502,
    "total": 50.54445562
}