{
    "cg": {
        "num_iters": 100,
        "steps": {
            "A*s": 11.148385692,
            "alpha = (r*r) / s*A*s": 6.913224899999997,
            "distributing s": 23.235605703000008,
            "edge sync": 0.0015091100000000004,
            "r -= temp * alpha": 0.8291488200000002,
            "r*r": 3.1755037340000003,
            "sk+1 = rk+1 + beta * sk;": 0.5836519640000002,
            "x += s * alpha": 0.5442053080000002
        },
        "total": 46.438989053
    },
    "general_info": {
        "local_elements": 241286656,
        "local_rows": 5982191,
        "node": 4,
        "node_count": 8,
        "thread_count": 16
    },
    "io": 22.591436631,
    "sync_creat": 0.000446345,
    "total": 69.162455878
}