{
    "cg": {
        "num_iters": 100,
        "steps": {
            "A*s": 9.863891813,
            "alpha = (r*r) / s*A*s": 14.032726528000001,
            "distributing s": 14.579312438000002,
            "edge sync": 0.0008284259999999999,
            "r -= temp * alpha": 0.9645265519999999,
            "r*r": 1.9308316569999993,
            "sk+1 = rk+1 + beta * sk;": 0.8131413339999999,
            "x += s * alpha": 0.8975988569999999
        },
        "total": 43.086903299
    },
    "general_info": {
        "local_elements": 241286656,
        "local_rows": 7335309,
        "node": 0,
        "node_count": 8,
        "thread_count": 16
    },
    "io": 61.590538013,
    "sync_creat": 0.000900187,
    "total": 104.821416861
}