{
    "cg": {
        "num_iters": 100,
        "steps": {
            "A*s": 7.353759244000002,
            "alpha = (r*r) / s*A*s": 10.381832575999995,
            "distributing s": 14.636572916000002,
            "edge sync": 6.605087585,
            "r -= temp * alpha": 0.44153638399999995,
            "r*r": 2.832964519999999,
            "sk+1 = rk+1 + beta * sk;": 0.3597367770000001,
            "x += s * alpha": 0.460139229
        },
        "total": 43.074734052
    },
    "general_info": {
        "local_elements": 241286656,
        "local_rows": 6476883,
        "node": 6,
        "node_count": 8,
        "thread_count": 16
    },
    "io": 61.59041675,
    "sync_creat": 0.000863271,
    "total": 104.809107507
}