{
    "cg": {
        "num_iters": 100,
        "steps": {
            "A*s": 5.696119324000001,
            "alpha = (r*r) / s*A*s": 7.951588548000003,
            "distributing s": 15.085706110000004,
            "edge sync": 10.329971958000003,
            "r -= temp * alpha": 0.44855778300000004,
            "r*r": 2.858271445999999,
            "sk+1 = rk+1 + beta * sk;": 0.30233714600000006,
            "x += s * alpha": 0.4105404850000001
        },
        "total": 43.086498907
    },
    "general_info": {
        "local_elements": 241286656,
        "local_rows": 5982191,
        "node": 4,
        "node_count": 8,
        "thread_count": 16
    },
    "io": 61.590124231,
    "sync_creat": 0.000830225,
    "total": 104.820553393
}