{
    "cg": {
        "num_iters": 100,
        "steps": {
            "A*s": 11.623855554000006,
            "alpha = (r*r) / s*A*s": 0.6804535770000002,
            "distributing s": 14.482173515,
            "edge sync": 11.955476538000005,
            "r -= temp * alpha": 0.6663050880000003,
            "r*r": 2.4695057360000003,
            "sk+1 = rk+1 + beta * sk;": 0.5423736939999997,
            "x += s * alpha": 0.6518985520000004
        },
        "total": 43.07461205
    },
    "general_info": {
        "local_elements": 241286656,
        "local_rows": 5568016,
        "node": 2,
        "node_count": 8,
        "thread_count": 16
    },
    "io": 61.591302804,
    "sync_creat": 0.000746805,
    "total": 104.809739631
}