{
    "cg": {
        "num_iters": 100,
        "steps": {
            "A*s": 33.785804179999985,
            "alpha = (r*r) / s*A*s": 0.9751095229999996,
            "distributing s": 55.59900438100002,
            "r -= temp * alpha": 0.48460784799999995,
            "r*r": 0.30066645900000005,
            "sk+1 = rk+1 + beta * sk;": 2.3584560790000006,
            "x += s * alpha": 0.374616248
        },
        "total": 93.896539205
    },
    "general_info": {
        "local_elements": 0,
        "local_rows": 13996800,
        "node": 1,
        "node_count": 2,
        "thread_count": 64
    },
    "io": 13.564258205,
    "total": 107.639813317
}