{
    "cg": {
        "num_iters": 100,
        "steps": {
            "A*s": 4.256931132,
            "alpha = (r*r) / s*A*s": 0.9661205279999998,
            "distributing s": 6.797650318,
            "edge sync": 0.0002283320000000002,
            "r -= temp * alpha": 0.2774204830000001,
            "r*r": 0.3878761120000001,
            "sk+1 = rk+1 + beta * sk;": 0.27425386300000004,
            "x += s * alpha": 0.299152493
        },
        "total": 13.276656949
    },
    "general_info": {
        "local_elements": 241286656,
        "local_rows": 6038011,
        "node": 3,
        "node_count": 8,
        "thread_count": 16
    },
    "io": 18.259193032,
    "sync_creat": 0.000464643,
    "total": 31.593519251
}