{
    "cg": {
        "num_iters": 100,
        "steps": {
            "A*s": 4.307005708000001,
            "alpha = (r*r) / s*A*s": 8.101291426999998,
            "distributing s": 9.038239607000001,
            "edge sync": 0.011119252000000003,
            "r -= temp * alpha": 0.28804922200000005,
            "r*r": 1.1084307679999998,
            "sk+1 = rk+1 + beta * sk;": 0.383673491,
            "x += s * alpha": 0.32382281100000004
        },
        "total": 23.573478422
    },
    "general_info": {
        "local_elements": 241286656,
        "local_rows": 5568016,
        "node": 2,
        "node_count": 8,
        "thread_count": 16
    },
    "io": 19.980801115,
    "sync_creat": 0.000580736,
    "total": 43.628873542
}