{
    "cg": {
        "num_iters": 100,
        "steps": {
            "A*s": 4.194428687999998,
            "alpha = (r*r) / s*A*s": 1.3387250540000002,
            "distributing s": 6.480101584000003,
            "edge sync": 0.0008261850000000001,
            "r -= temp * alpha": 0.28983829699999997,
            "r*r": 0.3548556929999999,
            "sk+1 = rk+1 + beta * sk;": 0.2778328319999999,
            "x += s * alpha": 0.3209459990000001
        },
        "total": 13.273958232
    },
    "general_info": {
        "local_elements": 241286656,
        "local_rows": 5982191,
        "node": 4,
        "node_count": 8,
        "thread_count": 16
    },
    "io": 18.259252438,
    "sync_creat": 0.000491912,
    "total": 31.590947248
}