{
    "cg": {
        "num_iters": 100,
        "steps": {
            "A*s": 4.421356896999998,
            "alpha = (r*r) / s*A*s": 1.143401268,
            "distributing s": 6.395125192000002,
            "edge sync": 0.0008176630000000007,
            "r -= temp * alpha": 0.3347488020000002,
            "r*r": 0.23826481800000004,
            "sk+1 = rk+1 + beta * sk;": 0.33803631699999986,
            "x += s * alpha": 0.390487933
        },
        "total": 13.273165859
    },
    "general_info": {
        "local_elements": 241286656,
        "local_rows": 7354022,
        "node": 1,
        "node_count": 8,
        "thread_count": 16
    },
    "io": 18.259430617,
    "sync_creat": 0.000446043,
    "total": 31.590204204
}