{
    "cg": {
        "num_iters": 100,
        "steps": {
            "A*s": 4.100941499999999,
            "alpha = (r*r) / s*A*s": 8.606634459000002,
            "distributing s": 8.844634322999998,
            "edge sync": 0.0002730430000000001,
            "r -= temp * alpha": 0.3162340040000001,
            "r*r": 1.069015397,
            "sk+1 = rk+1 + beta * sk;": 0.2893191,
            "x += s * alpha": 0.32790655099999994
        },
        "total": 23.5645436
    },
    "general_info": {
        "local_elements": 241286656,
        "local_rows": 6038011,
        "node": 3,
        "node_count": 8,
        "thread_count": 16
    },
    "io": 19.991435181,
    "sync_creat": 0.000572138,
    "total": 43.630541301
}