{
    "cg": {
        "num_iters": 100,
        "steps": {
            "A*s": 4.823190305999999,
            "alpha = (r*r) / s*A*s": 0.412580262,
            "distributing s": 6.728918518000002,
            "edge sync": 0.004494198999999999,
            "r -= temp * alpha": 0.3029305930000001,
            "r*r": 0.3636114939999999,
            "sk+1 = rk+1 + beta * sk;": 0.32998715299999987,
            "x += s * alpha": 0.295197595
        },
        "total": 13.276517622
    },
    "general_info": {
        "local_elements": 241286356,
        "local_rows": 5696844,
        "node": 7,
        "node_count": 8,
        "thread_count": 16
    },
    "io": 18.263510722,
    "sync_creat": 0.000506776,
    "total": 31.597733204
}