{
    "avg": 1.5094432758,
    "matrix": "nlpkkt240.csr5.h5",
    "num_runs": 10,
    "process_count": 4,
    "total": 15.094432758
}