{
    "avg": 2.6433670561,
    "matrix": "nlpkkt240.csr5.h5",
    "num_runs": 10,
    "process_count": 2,
    "total": 26.433670561
}