{
    "avg": 1.0632348725999998,
    "matrix": "nlpkkt240.csr5.h5",
    "num_runs": 10,
    "process_count": 8,
    "total": 10.632348725999998
}