{
    "avg": 2.667714151,
    "num_runs": 10,
    "total": 26.677141510000002
}