{
    "cg": {
        "num_iters": 100,
        "steps": {
            "A*s": 31.04322578499998,
            "alpha = (r*r) / s*A*s": 0.3852075629999999,
            "r -= temp * alpha": 0.11699932499999997,
            "r*r": 0.8379045280000001,
            "sk+1 = rk+1 + beta * sk;": 0.5889257019999999,
            "x += s * alpha": 0.06203977399999999
        },
        "total": 33.034367009
    },
    "general_info": {
        "local_elements": 0,
        "local_rows": 0,
        "node": 2,
        "node_count": 8,
        "thread_count": 32
    },
    "io": 41.83934053,
    "total": 75.003756153
}