{
    "cg": {
        "num_iters": 100,
        "steps": {
            "A*s": 31.181904416999995,
            "alpha = (r*r) / s*A*s": 0.26444148700000014,
            "r -= temp * alpha": 0.11434212199999996,
            "r*r": 0.8189542149999997,
            "sk+1 = rk+1 + beta * sk;": 0.5830926019999999,
            "x += s * alpha": 0.07331608599999996
        },
        "total": 33.036115779
    },
    "general_info": {
        "local_elements": 0,
        "local_rows": 0,
        "node": 4,
        "node_count": 8,
        "thread_count": 32
    },
    "io": 41.838540524,
    "total": 75.005563619
}