{
    "cg": {
        "num_iters": 100,
        "steps": {
            "A*s": 31.021327972999988,
            "alpha = (r*r) / s*A*s": 0.3740429409999999,
            "r -= temp * alpha": 0.118790879,
            "r*r": 0.8409099260000003,
            "sk+1 = rk+1 + beta * sk;": 0.6207822749999999,
            "x += s * alpha": 0.05824047199999999
        },
        "total": 33.034154706
    },
    "general_info": {
        "local_elements": 0,
        "local_rows": 0,
        "node": 6,
        "node_count": 8,
        "thread_count": 32
    },
    "io": 41.837971801,
    "total": 75.003621624
}