{
    "cg": {
        "num_iters": 100,
        "steps": {
            "A*s": 29.098623896000007,
            "alpha = (r*r) / s*A*s": 1.6241667230000003,
            "r -= temp * alpha": 0.304939471,
            "r*r": 0.39427554000000004,
            "sk+1 = rk+1 + beta * sk;": 1.3076424090000003,
            "x += s * alpha": 0.306575412
        },
        "total": 33.036895308
    },
    "general_info": {
        "local_elements": 0,
        "local_rows": 0,
        "node": 1,
        "node_count": 8,
        "thread_count": 32
    },
    "io": 41.839462939,
    "total": 75.008932959
}