{
    "cg": {
        "num_iters": 100,
        "steps": {
            "A*s": 30.78441009,
            "alpha = (r*r) / s*A*s": 0.625396459,
            "r -= temp * alpha": 0.11724870599999997,
            "r*r": 0.8426434929999999,
            "sk+1 = rk+1 + beta * sk;": 0.6035533370000001,
            "x += s * alpha": 0.05898543299999999
        },
        "total": 33.032299509
    },
    "general_info": {
        "local_elements": 0,
        "local_rows": 0,
        "node": 3,
        "node_count": 8,
        "thread_count": 32
    },
    "io": 41.83895118,
    "total": 75.004405385
}