{
    "cg": {
        "num_iters": 100,
        "steps": {
            "A*s": 30.931852069999998,
            "alpha = (r*r) / s*A*s": 0.480736496,
            "r -= temp * alpha": 0.11493540299999999,
            "r*r": 0.8419159400000005,
            "sk+1 = rk+1 + beta * sk;": 0.5950655489999999,
            "x += s * alpha": 0.062474134
        },
        "total": 33.027065974
    },
    "general_info": {
        "local_elements": 0,
        "local_rows": 0,
        "node": 7,
        "node_count": 8,
        "thread_count": 32
    },
    "io": 41.840146376,
    "total": 75.004455446
}