{
    "cg": {
        "num_iters": 100,
        "steps": {
            "A*s": 29.192774397000004,
            "alpha = (r*r) / s*A*s": 1.7232825280000004,
            "r -= temp * alpha": 0.4388557129999999,
            "r*r": 0.2659253810000001,
            "sk+1 = rk+1 + beta * sk;": 1.115377211,
            "x += s * alpha": 0.30218622500000014
        },
        "total": 33.038478687
    },
    "general_info": {
        "local_elements": 0,
        "local_rows": 0,
        "node": 0,
        "node_count": 8,
        "thread_count": 32
    },
    "io": 41.838701063,
    "total": 75.007911605
}