{
    "cg": {
        "num_iters": 100,
        "steps": {
            "A*s": 36.21913028500001,
            "alpha = (r*r) / s*A*s": 1.193766144,
            "distributing s": 18.947711509999994,
            "edge sync": 0.0002663319999999998,
            "r -= temp * alpha": 0.7757303789999995,
            "r*r": 0.6205971269999999,
            "sk+1 = rk+1 + beta * sk;": 1.1187587510000003,
            "x += s * alpha": 0.8677618210000002
        },
        "total": 59.746582089
    },
    "general_info": {
        "local_elements": 527908096,
        "local_rows": 16714489,
        "node": 5,
        "node_count": 8,
        "thread_count": 16
    },
    "io": 39.722989823,
    "sync_creat": 0.000484414,
    "total": 99.60996857
}