{
    "cg": {
        "num_iters": 100,
        "steps": {
            "A*s": 40.91648536700002,
            "alpha = (r*r) / s*A*s": 3.5978195700000004,
            "r -= temp * alpha": 0.43346264300000004,
            "r*r": 2.682685477999998,
            "sk+1 = rk+1 + beta * sk;": 0.39139720599999983,
            "x += s * alpha": 0.5266901270000003
        },
        "total": 48.548643423
    },
    "general_info": {
        "local_elements": 0,
        "local_rows": 0,
        "node": 6,
        "node_count": 8,
        "thread_count": 16
    },
    "io": 95.352186993,
    "total": 144.086272074
}