{
    "cg": {
        "num_iters": 100,
        "steps": {
            "A*s": 40.89989800899998,
            "alpha = (r*r) / s*A*s": 3.877416291999999,
            "r -= temp * alpha": 0.36040732799999997,
            "r*r": 2.777107097,
            "sk+1 = rk+1 + beta * sk;": 0.3829092630000001,
            "x += s * alpha": 0.2942113410000002
        },
        "total": 48.592042001
    },
    "general_info": {
        "local_elements": 0,
        "local_rows": 0,
        "node": 7,
        "node_count": 8,
        "thread_count": 16
    },
    "io": 95.345883823,
    "total": 144.086181673
}