{
    "cg": {
        "num_iters": 100,
        "steps": {
            "A*s": 38.27199468599999,
            "alpha = (r*r) / s*A*s": 4.867420790000001,
            "r -= temp * alpha": 0.8490773200000004,
            "r*r": 1.882551442000001,
            "sk+1 = rk+1 + beta * sk;": 1.8412861950000001,
            "x += s * alpha": 0.8964814720000004
        },
        "total": 48.608983176
    },
    "general_info": {
        "local_elements": 0,
        "local_rows": 0,
        "node": 0,
        "node_count": 8,
        "thread_count": 16
    },
    "io": 95.354362698,
    "total": 144.108726362
}