{
    "cg": {
        "num_iters": 100,
        "steps": {
            "A*s": 39.463955106999975,
            "alpha = (r*r) / s*A*s": 4.819257045999999,
            "r -= temp * alpha": 0.8894784990000002,
            "r*r": 1.7134395929999995,
            "sk+1 = rk+1 + beta * sk;": 0.8742975369999999,
            "x += s * alpha": 0.8346533130000003
        },
        "total": 48.595237535
    },
    "general_info": {
        "local_elements": 0,
        "local_rows": 0,
        "node": 1,
        "node_count": 8,
        "thread_count": 16
    },
    "io": 95.35461298,
    "total": 144.090129834
}