{
    "cg": {
        "num_iters": 100,
        "steps": {
            "A*s": 39.680048035999995,
            "alpha = (r*r) / s*A*s": 3.2896060059999988,
            "r -= temp * alpha": 1.3167429989999997,
            "r*r": 0.809801487,
            "sk+1 = rk+1 + beta * sk;": 2.202285603999999,
            "x += s * alpha": 1.3072692520000004
        },
        "total": 48.605896155
    },
    "general_info": {
        "local_elements": 0,
        "local_rows": 0,
        "node": 3,
        "node_count": 8,
        "thread_count": 16
    },
    "io": 95.35509927,
    "total": 144.10069487
}