{
    "cg": {
        "num_iters": 100,
        "steps": {
            "A*s": 40.526845578,
            "alpha = (r*r) / s*A*s": 4.259034735999999,
            "r -= temp * alpha": 0.3323647520000001,
            "r*r": 2.869673789999999,
            "sk+1 = rk+1 + beta * sk;": 0.3690694240000001,
            "x += s * alpha": 0.235311814
        },
        "total": 48.592408246
    },
    "general_info": {
        "local_elements": 0,
        "local_rows": 0,
        "node": 5,
        "node_count": 8,
        "thread_count": 16
    },
    "io": 95.345959597,
    "total": 144.087444428
}