{
    "cg": {
        "num_iters": 100,
        "steps": {
            "A*s": 41.015653134000004,
            "alpha = (r*r) / s*A*s": 3.585324242999999,
            "r -= temp * alpha": 0.40279312099999975,
            "r*r": 2.814088363,
            "sk+1 = rk+1 + beta * sk;": 0.34311394899999986,
            "x += s * alpha": 0.42588067600000007
        },
        "total": 48.586944339
    },
    "general_info": {
        "local_elements": 0,
        "local_rows": 0,
        "node": 4,
        "node_count": 8,
        "thread_count": 16
    },
    "io": 95.353185014,
    "total": 144.086831317
}