{
    "cg": {
        "num_iters": 100,
        "steps": {
            "A*s": 40.877622479999985,
            "alpha = (r*r) / s*A*s": 1.9328032190000006,
            "r -= temp * alpha": 1.3588523650000002,
            "r*r": 0.9314431030000002,
            "sk+1 = rk+1 + beta * sk;": 2.1227395210000006,
            "x += s * alpha": 1.3408315259999997
        },
        "total": 48.564417174
    },
    "general_info": {
        "local_elements": 0,
        "local_rows": 0,
        "node": 2,
        "node_count": 8,
        "thread_count": 16
    },
    "io": 95.350515416,
    "total": 144.095338809
}