{
    "cg": {
        "num_iters": 100,
        "steps": {
            "A*s": 8.154633603000004,
            "alpha = (r*r) / s*A*s": 4.006403049000001,
            "distributing s": 9.642806977,
            "edge sync": 0.0015424289999999992,
            "r -= temp * alpha": 0.29046499800000003,
            "r*r": 1.1910824500000003,
            "sk+1 = rk+1 + beta * sk;": 0.23931087299999992,
            "x += s * alpha": 0.2968051089999999
        },
        "total": 23.837650191
    },
    "general_info": {
        "local_elements": 241286356,
        "local_rows": 5696844,
        "node": 7,
        "node_count": 8,
        "thread_count": 8
    },
    "io": 19.74923676,
    "sync_creat": 0.000479523,
    "total": 43.663811716
}