{
    "cg": {
        "num_iters": 100,
        "steps": {
            "A*s": 7.465502964,
            "alpha = (r*r) / s*A*s": 1.8598351100000012,
            "distributing s": 12.487107999999994,
            "edge sync": 0.0009986910000000003,
            "r -= temp * alpha": 0.29356306200000015,
            "r*r": 1.1973235679999996,
            "sk+1 = rk+1 + beta * sk;": 0.270350147,
            "x += s * alpha": 0.28548624699999997
        },
        "total": 23.869496302
    },
    "general_info": {
        "local_elements": 241286656,
        "local_rows": 5982191,
        "node": 4,
        "node_count": 8,
        "thread_count": 8
    },
    "io": 19.74795198,
    "sync_creat": 0.000535297,
    "total": 43.694442818
}