{
    "cg": {
        "num_iters": 100,
        "steps": {
            "A*s": 8.15679212,
            "alpha = (r*r) / s*A*s": 3.8322587,
            "distributing s": 9.791712134000003,
            "edge sync": 0.0009666560000000005,
            "r -= temp * alpha": 0.32709124199999984,
            "r*r": 1.1171195989999996,
            "sk+1 = rk+1 + beta * sk;": 0.2706726349999999,
            "x += s * alpha": 0.3320545590000001
        },
        "total": 23.837009587
    },
    "general_info": {
        "local_elements": 241286656,
        "local_rows": 6476883,
        "node": 6,
        "node_count": 8,
        "thread_count": 8
    },
    "io": 19.748336999,
    "sync_creat": 0.000493605,
    "total": 43.662278521
}