{
    "cg": {
        "num_iters": 100,
        "steps": {
            "A*s": 7.397751846,
            "alpha = (r*r) / s*A*s": 4.755909651000003,
            "distributing s": 9.644723540999998,
            "edge sync": 0.00031319999999999975,
            "r -= temp * alpha": 0.3226670330000001,
            "r*r": 1.1422965459999996,
            "sk+1 = rk+1 + beta * sk;": 0.24942492200000005,
            "x += s * alpha": 0.31334576099999994
        },
        "total": 23.83779297
    },
    "general_info": {
        "local_elements": 241286656,
        "local_rows": 6038011,
        "node": 3,
        "node_count": 8,
        "thread_count": 8
    },
    "io": 19.748517431,
    "sync_creat": 0.000447716,
    "total": 43.663232203
}