{
    "cg": {
        "num_iters": 100,
        "steps": {
            "A*s": 8.531852949000003,
            "alpha = (r*r) / s*A*s": 9.826041850999998,
            "distributing s": 9.612339851999998,
            "edge sync": 0.0018065279999999993,
            "r -= temp * alpha": 0.2943410609999999,
            "r*r": 1.22836354,
            "sk+1 = rk+1 + beta * sk;": 0.23750509200000003,
            "x += s * alpha": 0.30367444099999996
        },
        "total": 30.038780975
    },
    "general_info": {
        "local_elements": 241286356,
        "local_rows": 5696844,
        "node": 7,
        "node_count": 8,
        "thread_count": 4
    },
    "io": 19.744535959,
    "sync_creat": 0.000612984,
    "total": 49.86325226
}