{
    "cg": {
        "num_iters": 100,
        "steps": {
            "A*s": 8.868730861999996,
            "alpha = (r*r) / s*A*s": 9.477681134999996,
            "distributing s": 9.614237064,
            "edge sync": 0.0004289249999999999,
            "r -= temp * alpha": 0.306062045,
            "r*r": 1.20679356,
            "sk+1 = rk+1 + beta * sk;": 0.2483582360000001,
            "x += s * alpha": 0.31381223099999994
        },
        "total": 30.038947846
    },
    "general_info": {
        "local_elements": 241286656,
        "local_rows": 6038011,
        "node": 3,
        "node_count": 8,
        "thread_count": 4
    },
    "io": 19.745141927,
    "sync_creat": 0.000526586,
    "total": 49.863930093
}