{
    "cg": {
        "num_iters": 100,
        "steps": {
            "A*s": 9.162151675999999,
            "alpha = (r*r) / s*A*s": 6.366319599,
            "distributing s": 12.447472266999998,
            "edge sync": 0.0011153539999999994,
            "r -= temp * alpha": 0.322613244,
            "r*r": 1.1859877229999998,
            "sk+1 = rk+1 + beta * sk;": 0.263141826,
            "x += s * alpha": 0.3181623320000001
        },
        "total": 30.068901672
    },
    "general_info": {
        "local_elements": 241286656,
        "local_rows": 6184868,
        "node": 5,
        "node_count": 8,
        "thread_count": 4
    },
    "io": 19.744284654,
    "sync_creat": 0.000563393,
    "total": 49.893042263
}