{
    "cg": {
        "num_iters": 100,
        "steps": {
            "A*s": 9.495763190000003,
            "alpha = (r*r) / s*A*s": 6.667440547999999,
            "distributing s": 13.806535808,
            "edge sync": 0.7676929989999998,
            "r -= temp * alpha": 0.3325670120000001,
            "r*r": 1.3176271409999998,
            "sk+1 = rk+1 + beta * sk;": 0.3189813750000001,
            "x += s * alpha": 0.344431929
        },
        "total": 33.053567854
    },
    "general_info": {
        "local_elements": 241286656,
        "local_rows": 5982191,
        "node": 4,
        "node_count": 8,
        "thread_count": 4
    },
    "io": 33.992023929,
    "sync_creat": 0.000549467,
    "total": 67.148203397
}