{
    "cg": {
        "num_iters": 100,
        "steps": {
            "A*s": 14.681283026000001,
            "alpha = (r*r) / s*A*s": 0.526075445,
            "distributing s": 12.374353340000006,
            "edge sync": 0.0004046350000000002,
            "r -= temp * alpha": 0.7838626030000002,
            "r*r": 0.3370061889999999,
            "sk+1 = rk+1 + beta * sk;": 0.6445470909999997,
            "x += s * alpha": 0.70912318
        },
        "total": 30.069298712
    },
    "general_info": {
        "local_elements": 241286656,
        "local_rows": 7335309,
        "node": 0,
        "node_count": 8,
        "thread_count": 4
    },
    "io": 19.743254184,
    "sync_creat": 0.000501384,
    "total": 49.892356791
}