{
    "cg": {
        "num_iters": 100,
        "steps": {
            "A*s": 9.733938073000001,
            "alpha = (r*r) / s*A*s": 9.705810857999996,
            "distributing s": 9.779277922000004,
            "edge sync": 1.4906833160000006,
            "r -= temp * alpha": 0.3238324720000002,
            "r*r": 1.3270877609999994,
            "sk+1 = rk+1 + beta * sk;": 0.3127813240000001,
            "x += s * alpha": 0.34335556399999995
        },
        "total": 33.021511263
    },
    "general_info": {
        "local_elements": 241286356,
        "local_rows": 5696844,
        "node": 7,
        "node_count": 8,
        "thread_count": 4
    },
    "io": 33.990599943,
    "sync_creat": 0.000581815,
    "total": 67.114754849
}