{
    "cg": {
        "num_iters": 100,
        "steps": {
            "A*s": 9.863895309999998,
            "alpha = (r*r) / s*A*s": 8.264205546000001,
            "distributing s": 9.812777155,
            "edge sync": 0.0011144810000000005,
            "r -= temp * alpha": 0.3022720720000001,
            "r*r": 1.1959511130000002,
            "sk+1 = rk+1 + beta * sk;": 0.26679289100000003,
            "x += s * alpha": 0.33161881900000006
        },
        "total": 30.041009698
    },
    "general_info": {
        "local_elements": 241286656,
        "local_rows": 6476883,
        "node": 6,
        "node_count": 8,
        "thread_count": 4
    },
    "io": 19.744515593,
    "sync_creat": 0.000581726,
    "total": 49.865370703
}