{
    "cg": {
        "num_iters": 100,
        "steps": {
            "A*s": 15.928120562000009,
            "alpha = (r*r) / s*A*s": 0.9927356100000001,
            "distributing s": 13.381273948999999,
            "edge sync": 0.00025953099999999986,
            "r -= temp * alpha": 0.8621970219999999,
            "r*r": 0.3270804600000001,
            "sk+1 = rk+1 + beta * sk;": 0.7433311220000001,
            "x += s * alpha": 0.8054688119999998
        },
        "total": 33.053575901
    },
    "general_info": {
        "local_elements": 241286656,
        "local_rows": 7335309,
        "node": 0,
        "node_count": 8,
        "thread_count": 4
    },
    "io": 33.989192732,
    "sync_creat": 0.000468343,
    "total": 67.145311821
}