{
    "cg": {
        "num_iters": 100,
        "steps": {
            "A*s": 13.702530064000007,
            "alpha = (r*r) / s*A*s": 4.159659494999999,
            "distributing s": 12.447372128999998,
            "edge sync": 0.016624373000000008,
            "r -= temp * alpha": 0.7358019939999999,
            "r*r": 0.48291230700000004,
            "sk+1 = rk+1 + beta * sk;": 0.7180905150000001,
            "x += s * alpha": 0.775723264
        },
        "total": 33.047666208
    },
    "general_info": {
        "local_elements": 241286656,
        "local_rows": 7354022,
        "node": 1,
        "node_count": 8,
        "thread_count": 4
    },
    "io": 33.991043984,
    "sync_creat": 0.000561975,
    "total": 67.14134728
}