{
    "cg": {
        "num_iters": 100,
        "steps": {
            "A*s": 10.109935648000002,
            "alpha = (r*r) / s*A*s": 4.159841221,
            "distributing s": 10.512680498000012,
            "edge sync": 5.947973434000001,
            "r -= temp * alpha": 0.30535029399999997,
            "r*r": 1.3786044299999995,
            "sk+1 = rk+1 + beta * sk;": 0.2966141179999999,
            "x += s * alpha": 0.31069659800000005
        },
        "total": 33.026834082
    },
    "general_info": {
        "local_elements": 241286656,
        "local_rows": 5568016,
        "node": 2,
        "node_count": 8,
        "thread_count": 4
    },
    "io": 33.991468925,
    "sync_creat": 0.000456438,
    "total": 67.120843079
}