{
    "cg": {
        "num_iters": 100,
        "steps": {
            "A*s": 10.434481622000002,
            "alpha = (r*r) / s*A*s": 6.667056531999999,
            "distributing s": 12.838492691999996,
            "edge sync": 0.7784252659999996,
            "r -= temp * alpha": 0.34584748899999995,
            "r*r": 1.2951552299999998,
            "sk+1 = rk+1 + beta * sk;": 0.32981019500000003,
            "x += s * alpha": 0.35344076100000005
        },
        "total": 33.04764692
    },
    "general_info": {
        "local_elements": 241286656,
        "local_rows": 6184868,
        "node": 5,
        "node_count": 8,
        "thread_count": 4
    },
    "io": 33.992987362,
    "sync_creat": 0.000506672,
    "total": 67.143185837
}