{
    "cg": {
        "num_iters": 100,
        "steps": {
            "A*s": 10.513302908,
            "alpha = (r*r) / s*A*s": 9.705344171000002,
            "distributing s": 10.458846722000002,
            "edge sync": 0.011355889999999997,
            "r -= temp * alpha": 0.34843462300000017,
            "r*r": 1.2788874039999998,
            "sk+1 = rk+1 + beta * sk;": 0.33718655799999997,
            "x += s * alpha": 0.3671656670000002
        },
        "total": 33.026708636
    },
    "general_info": {
        "local_elements": 241286656,
        "local_rows": 6476883,
        "node": 6,
        "node_count": 8,
        "thread_count": 4
    },
    "io": 33.993809816,
    "sync_creat": 0.000522995,
    "total": 67.123078955
}