{
    "cg": {
        "num_iters": 100,
        "steps": {
            "A*s": 4.3972956870000015,
            "alpha = (r*r) / s*A*s": 0.715824805,
            "distributing s": 3.6493254049999995,
            "edge sync": 0.004538793,
            "r -= temp * alpha": 0.762556419,
            "r*r": 0.36297980399999996,
            "sk+1 = rk+1 + beta * sk;": 0.8085568220000001,
            "x += s * alpha": 0.7131325330000001
        },
        "total": 11.44049402
    },
    "general_info": {
        "local_elements": 193618112,
        "local_rows": 7081460,
        "node": 0,
        "node_count": 4,
        "thread_count": 32
    },
    "io": 9.530680838,
    "sync_creat": 0.001631032,
    "total": 21.024987668
}