{
    "cg": {
        "num_iters": 100,
        "steps": {
            "A*s": 25.44010481099999,
            "alpha = (r*r) / s*A*s": 0.367249288,
            "r -= temp * alpha": 0.258095537,
            "r*r": 0.796516117,
            "sk+1 = rk+1 + beta * sk;": 0.27948236899999995,
            "x += s * alpha": 0.24846471700000003
        },
        "total": 27.38999259
    },
    "general_info": {
        "local_elements": 0,
        "local_rows": 0,
        "node": 2,
        "node_count": 8,
        "thread_count": 8
    },
    "io": 24.185051545,
    "total": 51.713300933
}