{
    "cg": {
        "num_iters": 100,
        "steps": {
            "A*s": 25.226698746999997,
            "alpha = (r*r) / s*A*s": 0.582694219,
            "r -= temp * alpha": 0.2562263109999999,
            "r*r": 0.8041923219999998,
            "sk+1 = rk+1 + beta * sk;": 0.27590209200000004,
            "x += s * alpha": 0.24421647200000005
        },
        "total": 27.390014915
    },
    "general_info": {
        "local_elements": 0,
        "local_rows": 0,
        "node": 3,
        "node_count": 8,
        "thread_count": 8
    },
    "io": 24.184235991,
    "total": 51.713333849
}