{
    "cg": {
        "num_iters": 100,
        "steps": {
            "A*s": 25.561312407999996,
            "alpha = (r*r) / s*A*s": 0.250026581,
            "r -= temp * alpha": 0.26237484400000005,
            "r*r": 0.7977236489999997,
            "sk+1 = rk+1 + beta * sk;": 0.27530046899999994,
            "x += s * alpha": 0.24310488500000002
        },
        "total": 27.389920207
    },
    "general_info": {
        "local_elements": 0,
        "local_rows": 0,
        "node": 4,
        "node_count": 8,
        "thread_count": 8
    },
    "io": 24.182945732,
    "total": 51.713234853
}