{
    "cg": {
        "num_iters": 100,
        "steps": {
            "A*s": 23.831062662999994,
            "alpha = (r*r) / s*A*s": 1.6165151199999999,
            "r -= temp * alpha": 0.5851198879999999,
            "r*r": 0.20637479400000003,
            "sk+1 = rk+1 + beta * sk;": 0.6426118639999995,
            "x += s * alpha": 0.511375378
        },
        "total": 27.393117627
    },
    "general_info": {
        "local_elements": 0,
        "local_rows": 0,
        "node": 0,
        "node_count": 8,
        "thread_count": 8
    },
    "io": 24.171948028,
    "total": 51.716413519
}