{
    "cg": {
        "num_iters": 100,
        "steps": {
            "A*s": 25.35024471100001,
            "alpha = (r*r) / s*A*s": 0.451576894,
            "r -= temp * alpha": 0.2637454309999999,
            "r*r": 0.791967305,
            "sk+1 = rk+1 + beta * sk;": 0.283081182,
            "x += s * alpha": 0.24932784800000005
        },
        "total": 27.390039402
    },
    "general_info": {
        "local_elements": 0,
        "local_rows": 0,
        "node": 7,
        "node_count": 8,
        "thread_count": 8
    },
    "io": 24.182579128,
    "total": 51.71334498
}