{
    "cg": {
        "num_iters": 100,
        "steps": {
            "A*s": 25.456734598999994,
            "alpha = (r*r) / s*A*s": 0.3532046829999998,
            "r -= temp * alpha": 0.25750950499999997,
            "r*r": 0.8066930399999998,
            "sk+1 = rk+1 + beta * sk;": 0.2765363509999999,
            "x += s * alpha": 0.23922799700000005
        },
        "total": 27.389972685
    },
    "general_info": {
        "local_elements": 0,
        "local_rows": 0,
        "node": 6,
        "node_count": 8,
        "thread_count": 8
    },
    "io": 24.182300064,
    "total": 51.71327823
}