{
    "cg": {
        "num_iters": 100,
        "steps": {
            "A*s": 23.917403722,
            "alpha = (r*r) / s*A*s": 1.5427659690000002,
            "r -= temp * alpha": 0.4196843660000001,
            "r*r": 0.42153457100000014,
            "sk+1 = rk+1 + beta * sk;": 0.6280629139999999,
            "x += s * alpha": 0.4634664180000001
        },
        "total": 27.39301773
    },
    "general_info": {
        "local_elements": 0,
        "local_rows": 0,
        "node": 1,
        "node_count": 8,
        "thread_count": 8
    },
    "io": 24.183249446,
    "total": 51.716313606
}