{
    "cg": {
        "num_iters": 100,
        "steps": {
            "A*s": 35.554001680000006,
            "alpha = (r*r) / s*A*s": 0.535792174,
            "distributing s": 44.35250874400002,
            "r -= temp * alpha": 0.15860184200000005,
            "r*r": 0.8515192989999998,
            "sk+1 = rk+1 + beta * sk;": 0.37215522399999984,
            "x += s * alpha": 0.13793963300000006
        },
        "total": 81.975090374
    },
    "general_info": {
        "local_elements": 0,
        "local_rows": 6329518,
        "node": 7,
        "node_count": 8,
        "thread_count": 16
    },
    "io": 8.698388023,
    "total": 90.83509313
}