{
    "cg": {
        "num_iters": 100,
        "steps": {
            "A*s": 32.474166786999994,
            "alpha = (r*r) / s*A*s": 0.7995001070000002,
            "distributing s": 46.94081428500005,
            "r -= temp * alpha": 0.4033186129999999,
            "r*r": 0.32767953700000013,
            "sk+1 = rk+1 + beta * sk;": 0.599370042,
            "x += s * alpha": 0.4172696310000001
        },
        "total": 81.975118452
    },
    "general_info": {
        "local_elements": 0,
        "local_rows": 6329519,
        "node": 1,
        "node_count": 8,
        "thread_count": 16
    },
    "io": 8.706064948,
    "total": 90.835353249
}