{
    "cg": {
        "num_iters": 100,
        "steps": {
            "A*s": 29.790023404999985,
            "alpha = (r*r) / s*A*s": 0.4148713449999999,
            "r -= temp * alpha": 0.15847729799999996,
            "r*r": 0.8998967410000004,
            "sk+1 = rk+1 + beta * sk;": 0.44271120399999986,
            "x += s * alpha": 0.13609364799999993
        },
        "total": 31.842155861
    },
    "general_info": {
        "local_elements": 0,
        "local_rows": 0,
        "node": 7,
        "node_count": 8,
        "thread_count": 16
    },
    "io": 43.155725786,
    "total": 75.088518611
}