{
    "cg": {
        "num_iters": 100,
        "steps": {
            "A*s": 29.98980996599999,
            "alpha = (r*r) / s*A*s": 0.26905527600000007,
            "r -= temp * alpha": 0.16351864399999996,
            "r*r": 0.8930934859999998,
            "sk+1 = rk+1 + beta * sk;": 0.38880915599999977,
            "x += s * alpha": 0.137333992
        },
        "total": 31.841707012
    },
    "general_info": {
        "local_elements": 0,
        "local_rows": 0,
        "node": 6,
        "node_count": 8,
        "thread_count": 16
    },
    "io": 43.153759299,
    "total": 75.087917052
}