{
    "cg": {
        "num_iters": 100,
        "steps": {
            "A*s": 27.952874222999995,
            "alpha = (r*r) / s*A*s": 1.509063376,
            "r -= temp * alpha": 0.5603970920000001,
            "r*r": 0.26220649399999996,
            "sk+1 = rk+1 + beta * sk;": 1.1918014029999997,
            "x += s * alpha": 0.37130345499999995
        },
        "total": 31.847766223
    },
    "general_info": {
        "local_elements": 0,
        "local_rows": 0,
        "node": 1,
        "node_count": 8,
        "thread_count": 16
    },
    "io": 43.137976834,
    "total": 75.094008967
}