{
    "cg": {
        "num_iters": 100,
        "steps": {
            "A*s": 29.443229038999995,
            "alpha = (r*r) / s*A*s": 0.7554298329999996,
            "r -= temp * alpha": 0.15506120300000004,
            "r*r": 0.9133292630000004,
            "sk+1 = rk+1 + beta * sk;": 0.44895559200000007,
            "x += s * alpha": 0.12607629099999998
        },
        "total": 31.842160251
    },
    "general_info": {
        "local_elements": 0,
        "local_rows": 0,
        "node": 5,
        "node_count": 8,
        "thread_count": 16
    },
    "io": 43.148740841,
    "total": 75.088548788
}