{
    "cg": {
        "num_iters": 100,
        "steps": {
            "A*s": 34.03279777600002,
            "alpha = (r*r) / s*A*s": 0.6225690680000001,
            "distributing s": 45.53411945,
            "r -= temp * alpha": 0.41164389999999995,
            "r*r": 0.3191115110000001,
            "sk+1 = rk+1 + beta * sk;": 0.6149964359999999,
            "x += s * alpha": 0.41747044699999997
        },
        "total": 81.976063182
    },
    "general_info": {
        "local_elements": 0,
        "local_rows": 6329519,
        "node": 3,
        "node_count": 8,
        "thread_count": 16
    },
    "io": 8.708536398,
    "total": 90.836388399
}