{
    "cg": {
        "num_iters": 100,
        "steps": {
            "A*s": 33.85295747600001,
            "alpha = (r*r) / s*A*s": 0.6583898310000001,
            "distributing s": 45.66218760800002,
            "r -= temp * alpha": 0.45236196099999987,
            "r*r": 0.24756765299999997,
            "sk+1 = rk+1 + beta * sk;": 0.6283854729999999,
            "x += s * alpha": 0.4482725080000001
        },
        "total": 81.975897084
    },
    "general_info": {
        "local_elements": 0,
        "local_rows": 6329519,
        "node": 2,
        "node_count": 8,
        "thread_count": 16
    },
    "io": 8.707259901,
    "total": 90.835511148
}