{
    "cg": {
        "num_iters": 100,
        "steps": {
            "A*s": 34.369292576999996,
            "alpha = (r*r) / s*A*s": 0.5889120929999999,
            "distributing s": 45.232566450000014,
            "r -= temp * alpha": 0.4650454659999998,
            "r*r": 0.259517567,
            "sk+1 = rk+1 + beta * sk;": 0.626314285,
            "x += s * alpha": 0.424911636
        },
        "total": 81.977951636
    },
    "general_info": {
        "local_elements": 0,
        "local_rows": 6329519,
        "node": 4,
        "node_count": 8,
        "thread_count": 16
    },
    "io": 8.700616405,
    "total": 90.837323558
}