{
    "cg": {
        "num_iters": 100,
        "steps": {
            "A*s": 24.196349982000005,
            "alpha = (r*r) / s*A*s": 0.529016963,
            "distributing s": 55.46250293899997,
            "r -= temp * alpha": 0.5168873610000001,
            "r*r": 0.224279487,
            "sk+1 = rk+1 + beta * sk;": 0.6580535430000001,
            "x += s * alpha": 0.40856400299999995
        },
        "total": 82.009648048
    },
    "general_info": {
        "local_elements": 0,
        "local_rows": 6329519,
        "node": 0,
        "node_count": 8,
        "thread_count": 16
    },
    "io": 8.70667502,
    "total": 90.8691435
}