{
    "cg": {
        "num_iters": 100,
        "steps": {
            "A*s": 31.754323393000007,
            "alpha = (r*r) / s*A*s": 0.5416596210000002,
            "distributing s": 48.10985066899999,
            "r -= temp * alpha": 0.1593724,
            "r*r": 0.849322411,
            "sk+1 = rk+1 + beta * sk;": 0.40609324999999996,
            "x += s * alpha": 0.139723649
        },
        "total": 81.975783782
    },
    "general_info": {
        "local_elements": 0,
        "local_rows": 6329519,
        "node": 6,
        "node_count": 8,
        "thread_count": 16
    },
    "io": 8.698100929,
    "total": 90.835056379
}