{
    "cg": {
        "num_iters": 100,
        "steps": {
            "A*s": 30.048771984000002,
            "alpha = (r*r) / s*A*s": 0.201152433,
            "r -= temp * alpha": 0.16434122800000003,
            "r*r": 0.894621363,
            "sk+1 = rk+1 + beta * sk;": 0.3971953720000002,
            "x += s * alpha": 0.13540031700000002
        },
        "total": 31.841568967
    },
    "general_info": {
        "local_elements": 0,
        "local_rows": 0,
        "node": 4,
        "node_count": 8,
        "thread_count": 16
    },
    "io": 43.153225697,
    "total": 75.087785707
}