{
    "cg": {
        "num_iters": 100,
        "steps": {
            "A*s": 32.567151098999986,
            "alpha = (r*r) / s*A*s": 0.565721334,
            "distributing s": 47.29635311700001,
            "r -= temp * alpha": 0.15921272899999997,
            "r*r": 0.8518043960000004,
            "sk+1 = rk+1 + beta * sk;": 0.37661249500000016,
            "x += s * alpha": 0.13798452600000002
        },
        "total": 81.975275679
    },
    "general_info": {
        "local_elements": 0,
        "local_rows": 6329519,
        "node": 5,
        "node_count": 8,
        "thread_count": 16
    },
    "io": 8.697708603,
    "total": 90.835115167
}