{
    "cg": {
        "num_iters": 100,
        "steps": {
            "A*s": 49.95198185500001,
            "alpha = (r*r) / s*A*s": 3.906753580999999,
            "r -= temp * alpha": 5.335650148000001,
            "r*r": 2.260936471000001,
            "sk+1 = rk+1 + beta * sk;": 4.8618252779999995,
            "x += s * alpha": 5.349328435000001
        },
        "total": 71.672422074
    },
    "general_info": {
        "thread_count": 32
    },
    "io": 67.698120841,
    "total": 139.574339763
}