{
    "cg": {
        "num_iters": 100,
        "steps": {
            "A*s": 5.3003280389999965,
            "alpha = (r*r) / s*A*s": 5.677632622000004,
            "distributing s": 6.170713084000001,
            "edge sync": 0.0011072409999999997,
            "r -= temp * alpha": 0.5677005270000003,
            "r*r": 1.976323683,
            "sk+1 = rk+1 + beta * sk;": 0.6908725100000004,
            "x += s * alpha": 0.6283786369999997
        },
        "total": 21.029835573
    },
    "general_info": {
        "local_elements": 482573248,
        "local_rows": 12167057,
        "node": 2,
        "node_count": 4,
        "thread_count": 32
    },
    "io": 24.770185272,
    "sync_creat": 0.001513164,
    "total": 45.901839266
}