{
    "cg": {
        "num_iters": 100,
        "steps": {
            "A*s": 28.316249193999994,
            "alpha = (r*r) / s*A*s": 2.265951209,
            "r -= temp * alpha": 2.976682472000002,
            "r*r": 1.1166047270000001,
            "sk+1 = rk+1 + beta * sk;": 3.450816750000001,
            "x += s * alpha": 3.176601910999999
        },
        "total": 41.322178035
    },
    "general_info": {
        "thread_count": 16
    },
    "io": 33.750781641,
    "total": 75.188853829
}