{
    "cg": {
        "num_iters": 100,
        "steps": {
            "A*s": 35.700627163000014,
            "alpha = (r*r) / s*A*s": 1.7539963010000001,
            "distributing s": 18.891783289000003,
            "edge sync": 0.0010806959999999995,
            "r -= temp * alpha": 0.766062441,
            "r*r": 0.6107936500000001,
            "sk+1 = rk+1 + beta * sk;": 1.131610127,
            "x += s * alpha": 0.8870217110000002
        },
        "total": 59.745014658
    },
    "general_info": {
        "local_elements": 527908096,
        "local_rows": 16811156,
        "node": 3,
        "node_count": 8,
        "thread_count": 16
    },
    "io": 39.723795072,
    "sync_creat": 0.000515423,
    "total": 99.609229593
}