{
    "cg": {
        "num_iters": 100,
        "steps": {
            "A*s": 35.590166069000006,
            "alpha = (r*r) / s*A*s": 1.8643558030000003,
            "distributing s": 18.919603506000005,
            "edge sync": 0.0019958119999999996,
            "r -= temp * alpha": 0.7819168269999996,
            "r*r": 0.5757954550000002,
            "sk+1 = rk+1 + beta * sk;": 1.103212915,
            "x += s * alpha": 0.9053397780000002
        },
        "total": 59.744887016
    },
    "general_info": {
        "local_elements": 527907972,
        "local_rows": 16862319,
        "node": 7,
        "node_count": 8,
        "thread_count": 16
    },
    "io": 39.72500948,
    "sync_creat": 0.000547497,
    "total": 99.610300485
}