{
    "cg": {
        "num_iters": 100,
        "steps": {
            "A*s": 35.773638732,
            "alpha = (r*r) / s*A*s": 1.8374542270000003,
            "distributing s": 18.684757677,
            "edge sync": 0.00033022200000000024,
            "r -= temp * alpha": 0.7798552039999995,
            "r*r": 0.558900291,
            "sk+1 = rk+1 + beta * sk;": 1.1813151140000002,
            "x += s * alpha": 0.9250811240000001
        },
        "total": 59.743996785
    },
    "general_info": {
        "local_elements": 527908096,
        "local_rows": 16845692,
        "node": 0,
        "node_count": 8,
        "thread_count": 16
    },
    "io": 39.708078843,
    "sync_creat": 0.000485549,
    "total": 99.592436136
}