{
    "cg": {
        "num_iters": 100,
        "steps": {
            "A*s": 35.538549114000006,
            "alpha = (r*r) / s*A*s": 2.1204578940000007,
            "distributing s": 18.693430982,
            "edge sync": 0.0009917770000000005,
            "r -= temp * alpha": 0.770999721,
            "r*r": 0.5637146270000001,
            "sk+1 = rk+1 + beta * sk;": 1.1232005579999997,
            "x += s * alpha": 0.9292060560000001
        },
        "total": 59.743176467
    },
    "general_info": {
        "local_elements": 527908096,
        "local_rows": 16754112,
        "node": 6,
        "node_count": 8,
        "thread_count": 16
    },
    "io": 39.725314085,
    "sync_creat": 0.000647484,
    "total": 99.608984924
}