{
    "cg": {
        "num_iters": 100,
        "steps": {
            "A*s": 35.55058247600001,
            "alpha = (r*r) / s*A*s": 2.115362093999999,
            "distributing s": 18.663264764999994,
            "edge sync": 0.0012468080000000007,
            "r -= temp * alpha": 0.7702457470000001,
            "r*r": 0.5636153830000001,
            "sk+1 = rk+1 + beta * sk;": 1.1462696909999996,
            "x += s * alpha": 0.929635384
        },
        "total": 59.743050604
    },
    "general_info": {
        "local_elements": 527908096,
        "local_rows": 16633476,
        "node": 2,
        "node_count": 8,
        "thread_count": 16
    },
    "io": 39.723574052,
    "sync_creat": 0.000492117,
    "total": 99.607005336
}