{
    "cg": {
        "num_iters": 100,
        "steps": {
            "A*s": 35.653083171999995,
            "alpha = (r*r) / s*A*s": 1.758151426,
            "distributing s": 18.919618916,
            "edge sync": 0.00036405099999999995,
            "r -= temp * alpha": 0.7693095519999995,
            "r*r": 0.5910651910000001,
            "sk+1 = rk+1 + beta * sk;": 1.1489751489999998,
            "x += s * alpha": 0.9032935890000001
        },
        "total": 59.746597734
    },
    "general_info": {
        "local_elements": 527908096,
        "local_rows": 16635797,
        "node": 1,
        "node_count": 8,
        "thread_count": 16
    },
    "io": 39.724085077,
    "sync_creat": 0.000605548,
    "total": 99.611185008
}