{
    "cg": {
        "num_iters": 100,
        "steps": {
            "A*s": 70.789696679,
            "alpha = (r*r) / s*A*s": 3.2992224199999995,
            "r -= temp * alpha": 5.454398109999999,
            "r*r": 1.9618044630000004,
            "sk+1 = rk+1 + beta * sk;": 4.8133431589999995,
            "x += s * alpha": 5.037077700999999
        },
        "total": 91.365087594
    },
    "general_info": {
        "thread_count": 16
    },
    "io": 75.815121703,
    "total": 167.390332593
}