{
    "cg": {
        "num_iters": 100,
        "steps": {
            "A*s": 19.495331181999997,
            "alpha = (r*r) / s*A*s": 4.35820555,
            "distributing s": 4.074414673999999,
            "edge sync": 1.5962088590000008,
            "r -= temp * alpha": 2.236117546,
            "r*r": 2.392864537999999,
            "sk+1 = rk+1 + beta * sk;": 2.237668809999999,
            "x += s * alpha": 2.0565444360000003
        },
        "total": 38.456915167
    },
    "general_info": {
        "local_elements": 965146452,
        "local_rows": 24340784,
        "node": 1,
        "node_count": 2,
        "thread_count": 64
    },
    "io": 39.349069419,
    "sync_creat": 0.000220971,
    "total": 77.945816608
}