{
    "cg": {
        "num_iters": 100,
        "steps": {
            "A*s": 8.314771115999998,
            "alpha = (r*r) / s*A*s": 1.00812914,
            "distributing s": 12.092302729999998,
            "edge sync": 0.0007328449999999998,
            "r -= temp * alpha": 0.706778262,
            "r*r": 0.3007893900000001,
            "sk+1 = rk+1 + beta * sk;": 0.6631045699999998,
            "x += s * alpha": 0.7683861030000002
        },
        "total": 23.869481985
    },
    "general_info": {
        "local_elements": 241286656,
        "local_rows": 7335309,
        "node": 0,
        "node_count": 8,
        "thread_count": 8
    },
    "io": 19.747637599,
    "sync_creat": 0.000437883,
    "total": 43.69402296
}