{
    "cg": {
        "num_iters": 100,
        "steps": {
            "A*s": 11.317315004000001,
            "alpha = (r*r) / s*A*s": 0.5143382770000001,
            "distributing s": 10.354215892000004,
            "edge sync": 0.0003961939999999999,
            "r -= temp * alpha": 0.7127350590000001,
            "r*r": 0.284178454,
            "sk+1 = rk+1 + beta * sk;": 0.6398456509999999,
            "x += s * alpha": 0.6967802030000002
        },
        "total": 24.533326665
    },
    "general_info": {
        "local_elements": 241286656,
        "local_rows": 7335309,
        "node": 0,
        "node_count": 8,
        "thread_count": 8
    },
    "io": 18.11371624,
    "sync_creat": 0.000466374,
    "total": 42.739801788
}