{
    "cg": {
        "num_iters": 100,
        "steps": {
            "A*s": 8.219443651,
            "alpha = (r*r) / s*A*s": 5.55316234,
            "distributing s": 8.735731067000001,
            "edge sync": 0.038115146000000016,
            "r -= temp * alpha": 0.32342387499999997,
            "r*r": 1.045046744,
            "sk+1 = rk+1 + beta * sk;": 0.262178268,
            "x += s * alpha": 0.32517495399999996
        },
        "total": 24.511962237
    },
    "general_info": {
        "local_elements": 241286656,
        "local_rows": 6476883,
        "node": 6,
        "node_count": 8,
        "thread_count": 8
    },
    "io": 18.115328986,
    "sync_creat": 0.000558905,
    "total": 42.72011753
}