{
    "cg": {
        "num_iters": 100,
        "steps": {
            "A*s": 8.04545571,
            "alpha = (r*r) / s*A*s": 5.552748087999999,
            "distributing s": 8.750808011999998,
            "edge sync": 0.22443982900000012,
            "r -= temp * alpha": 0.27828582900000004,
            "r*r": 1.1330053129999995,
            "sk+1 = rk+1 + beta * sk;": 0.2306381980000001,
            "x += s * alpha": 0.28180051200000006
        },
        "total": 24.51313645
    },
    "general_info": {
        "local_elements": 241286356,
        "local_rows": 5696844,
        "node": 7,
        "node_count": 8,
        "thread_count": 8
    },
    "io": 18.116851852,
    "sync_creat": 0.000563324,
    "total": 42.722845214
}