{
    "cg": {
        "num_iters": 100,
        "steps": {
            "A*s": 7.187177104999999,
            "alpha = (r*r) / s*A*s": 6.626703407,
            "distributing s": 8.749629792,
            "edge sync": 0.0003838870000000002,
            "r -= temp * alpha": 0.30504127799999997,
            "r*r": 1.0782847240000002,
            "sk+1 = rk+1 + beta * sk;": 0.24457013399999997,
            "x += s * alpha": 0.3097671030000001
        },
        "total": 24.513224937
    },
    "general_info": {
        "local_elements": 241286656,
        "local_rows": 6038011,
        "node": 3,
        "node_count": 8,
        "thread_count": 8
    },
    "io": 18.11610483,
    "sync_creat": 0.000516587,
    "total": 42.722149691
}