{
    "cg": {
        "num_iters": 100,
        "steps": {
            "A*s": 7.838316718000001,
            "alpha = (r*r) / s*A*s": 1.3183202919999992,
            "distributing s": 12.625849962999997,
            "edge sync": 0.0012028209999999993,
            "r -= temp * alpha": 0.2868448890000001,
            "r*r": 1.2143535530000003,
            "sk+1 = rk+1 + beta * sk;": 0.297108322,
            "x += s * alpha": 0.27731207799999996
        },
        "total": 23.869355436
    },
    "general_info": {
        "local_elements": 241286656,
        "local_rows": 6184868,
        "node": 5,
        "node_count": 8,
        "thread_count": 8
    },
    "io": 19.74815254,
    "sync_creat": 0.000481013,
    "total": 43.694439708
}