{
    "cg": {
        "num_iters": 100,
        "steps": {
            "A*s": 10.561076077000003,
            "alpha = (r*r) / s*A*s": 1.2409469090000003,
            "distributing s": 10.408659890000001,
            "edge sync": 0.009518297,
            "r -= temp * alpha": 0.658491618,
            "r*r": 0.297174845,
            "sk+1 = rk+1 + beta * sk;": 0.6101112550000001,
            "x += s * alpha": 0.7373116690000002
        },
        "total": 24.533889321
    },
    "general_info": {
        "local_elements": 241286656,
        "local_rows": 7354022,
        "node": 1,
        "node_count": 8,
        "thread_count": 8
    },
    "io": 18.115117719,
    "sync_creat": 0.000521133,
    "total": 42.741857689
}