{
    "cg": {
        "num_iters": 100,
        "steps": {
            "A*s": 7.770066641000002,
            "alpha = (r*r) / s*A*s": 4.214798389999998,
            "distributing s": 9.785736298000002,
            "edge sync": 0.0009946000000000009,
            "r -= temp * alpha": 0.26347335599999994,
            "r*r": 1.236654918,
            "sk+1 = rk+1 + beta * sk;": 0.28648211099999993,
            "x += s * alpha": 0.27602148199999993
        },
        "total": 23.837125691
    },
    "general_info": {
        "local_elements": 241286656,
        "local_rows": 5568016,
        "node": 2,
        "node_count": 8,
        "thread_count": 8
    },
    "io": 19.735304623,
    "sync_creat": 0.000434935,
    "total": 43.649351944
}