{
    "cg": {
        "num_iters": 100,
        "steps": {
            "A*s": 8.121114494999999,
            "alpha = (r*r) / s*A*s": 1.2405513310000005,
            "distributing s": 8.784976177000004,
            "edge sync": 4.431720041,
            "r -= temp * alpha": 0.26793559799999983,
            "r*r": 1.1610848399999998,
            "sk+1 = rk+1 + beta * sk;": 0.22577091100000005,
            "x += s * alpha": 0.2646774800000001
        },
        "total": 24.51217668
    },
    "general_info": {
        "local_elements": 241286656,
        "local_rows": 5568016,
        "node": 2,
        "node_count": 8,
        "thread_count": 8
    },
    "io": 18.115591434,
    "sync_creat": 0.000496759,
    "total": 42.720570014
}