{
    "avg": 1.9992011381,
    "matrix": "GAP-web.csr5.h5",
    "num_runs": 10,
    "process_count": 8,
    "total": 19.992011381
}