{
    "avg": 4.1618490467,
    "matrix": "GAP-web.csr5.h5",
    "num_runs": 10,
    "process_count": 4,
    "total": 41.618490467
}