{
    "avg": 9.289987335000001,
    "matrix": "GAP-web.csr5.h5",
    "num_runs": 10,
    "process_count": 2,
    "total": 92.89987335000001
}