{
    "avg": 11.286869760300002,
    "num_runs": 10,
    "total": 112.86869760300002
}