{
    "cg": {
        "num_iters": 100,
        "steps": {
            "A*s": 29.107264734999994,
            "alpha = (r*r) / s*A*s": 2.228849818,
            "distributing s": 23.135566564999998,
            "edge sync": 0.000291633,
            "r -= temp * alpha": 0.7980286110000001,
            "r*r": 0.6294326560000001,
            "sk+1 = rk+1 + beta * sk;": 1.6373576279999997,
            "x += s * alpha": 1.020539223
        },
        "total": 58.560389968
    },
    "general_info": {
        "local_elements": 527908096,
        "local_rows": 16845692,
        "node": 0,
        "node_count": 8,
        "thread_count": 64
    },
    "io": 39.978053528,
    "sync_creat": 0.000446895,
    "total": 98.682459473
}