{
    "cg": {
        "num_iters": 100,
        "steps": {
            "A*s": 28.902177996000002,
            "alpha = (r*r) / s*A*s": 2.2778913750000003,
            "distributing s": 23.405713300000006,
            "edge sync": 0.00042879999999999985,
            "r -= temp * alpha": 0.7841456819999998,
            "r*r": 0.6863032440000002,
            "sk+1 = rk+1 + beta * sk;": 1.523954322999999,
            "x += s * alpha": 0.980187184
        },
        "total": 58.564065015
    },
    "general_info": {
        "local_elements": 527908096,
        "local_rows": 16635797,
        "node": 1,
        "node_count": 8,
        "thread_count": 64
    },
    "io": 39.979081718,
    "sync_creat": 0.000587077,
    "total": 98.687257708
}