{
    "cg": {
        "num_iters": 100,
        "steps": {
            "A*s": 29.306022070999994,
            "alpha = (r*r) / s*A*s": 1.8715238049999998,
            "distributing s": 23.442423984999998,
            "edge sync": 0.0003375120000000001,
            "r -= temp * alpha": 0.7764959899999996,
            "r*r": 0.714065971,
            "sk+1 = rk+1 + beta * sk;": 1.4861645069999998,
            "x += s * alpha": 0.9641247589999997
        },
        "total": 58.564447418
    },
    "general_info": {
        "local_elements": 527908096,
        "local_rows": 16714489,
        "node": 5,
        "node_count": 8,
        "thread_count": 64
    },
    "io": 39.978385702,
    "sync_creat": 0.000440824,
    "total": 98.686769925
}