{
    "cg": {
        "num_iters": 100,
        "steps": {
            "A*s": 28.892973691000012,
            "alpha = (r*r) / s*A*s": 1.9247147940000007,
            "distributing s": 23.785473690000018,
            "edge sync": 0.001497458,
            "r -= temp * alpha": 0.782953273,
            "r*r": 0.6011883370000001,
            "sk+1 = rk+1 + beta * sk;": 1.5090967810000004,
            "x += s * alpha": 1.0660609589999994
        },
        "total": 58.566754057
    },
    "general_info": {
        "local_elements": 527907972,
        "local_rows": 16862319,
        "node": 7,
        "node_count": 8,
        "thread_count": 64
    },
    "io": 39.97787505,
    "sync_creat": 0.000563127,
    "total": 98.688656362
}