{
    "cg": {
        "num_iters": 100,
        "steps": {
            "A*s": 45.68946891999999,
            "alpha = (r*r) / s*A*s": 3.3768689649999986,
            "r -= temp * alpha": 0.31321572800000014,
            "r*r": 1.3189797479999998,
            "sk+1 = rk+1 + beta * sk;": 0.67846524,
            "x += s * alpha": 0.28943211700000016
        },
        "total": 51.66653491
    },
    "general_info": {
        "local_elements": 0,
        "local_rows": 0,
        "node": 3,
        "node_count": 4,
        "thread_count": 16
    },
    "io": 32.68955608,
    "total": 84.512472848
}