{
    "cg": {
        "num_iters": 100,
        "steps": {
            "A*s": 47.298458829000005,
            "alpha = (r*r) / s*A*s": 1.7136975320000003,
            "r -= temp * alpha": 0.32464965799999995,
            "r*r": 1.2919887009999997,
            "sk+1 = rk+1 + beta * sk;": 0.7370794979999999,
            "x += s * alpha": 0.30120277300000003
        },
        "total": 51.667170653
    },
    "general_info": {
        "local_elements": 0,
        "local_rows": 0,
        "node": 2,
        "node_count": 4,
        "thread_count": 16
    },
    "io": 32.689948198,
    "total": 84.513981659
}