{
    "cg": {
        "num_iters": 100,
        "steps": {
            "A*s": 47.43592030999999,
            "alpha = (r*r) / s*A*s": 0.9808588850000001,
            "r -= temp * alpha": 0.746370309,
            "r*r": 0.5596716319999998,
            "sk+1 = rk+1 + beta * sk;": 1.334700728,
            "x += s * alpha": 0.6154417419999998
        },
        "total": 51.673082186
    },
    "general_info": {
        "local_elements": 0,
        "local_rows": 0,
        "node": 1,
        "node_count": 4,
        "thread_count": 16
    },
    "io": 32.69374445,
    "total": 84.519960902
}