{
    "cg": {
        "num_iters": 100,
        "steps": {
            "A*s": 44.89666970599999,
            "alpha = (r*r) / s*A*s": 3.507808566,
            "r -= temp * alpha": 0.8812448319999998,
            "r*r": 0.2521212519999999,
            "sk+1 = rk+1 + beta * sk;": 1.3498918529999995,
            "x += s * alpha": 0.784405406
        },
        "total": 51.672279717
    },
    "general_info": {
        "local_elements": 0,
        "local_rows": 0,
        "node": 0,
        "node_count": 4,
        "thread_count": 16
    },
    "io": 32.69147536,
    "total": 84.518255481
}