{
    "cg": {
        "num_iters": 100,
        "steps": {
            "A*s": 21.740972352000014,
            "alpha = (r*r) / s*A*s": 0.6778326329999997,
            "distributing s": 32.017904428,
            "r -= temp * alpha": 0.313027399,
            "r*r": 0.19928193999999996,
            "sk+1 = rk+1 + beta * sk;": 0.827315048,
            "x += s * alpha": 0.24380228300000004
        },
        "total": 56.038040408
    },
    "general_info": {
        "local_elements": 0,
        "local_rows": 6998400,
        "node": 2,
        "node_count": 4,
        "thread_count": 32
    },
    "io": 8.600633939,
    "total": 64.795317753
}