{
    "cg": {
        "num_iters": 100,
        "steps": {
            "A*s": 22.148592721000004,
            "alpha = (r*r) / s*A*s": 0.6722020400000001,
            "distributing s": 31.673468739000004,
            "r -= temp * alpha": 0.22484398499999997,
            "r*r": 0.3347377669999999,
            "sk+1 = rk+1 + beta * sk;": 0.7743116440000001,
            "x += s * alpha": 0.19566911299999998
        },
        "total": 56.037840786
    },
    "general_info": {
        "local_elements": 0,
        "local_rows": 6998400,
        "node": 3,
        "node_count": 4,
        "thread_count": 32
    },
    "io": 8.598866032,
    "total": 64.793624556
}