{
    "cg": {
        "num_iters": 100,
        "steps": {
            "A*s": 4.444311374,
            "alpha = (r*r) / s*A*s": 8.270702740000003,
            "distributing s": 8.822270905,
            "edge sync": 0.00149904,
            "r -= temp * alpha": 0.28349151100000003,
            "r*r": 1.1174848069999999,
            "sk+1 = rk+1 + beta * sk;": 0.29937684199999987,
            "x += s * alpha": 0.31220227299999986
        },
        "total": 23.564460554
    },
    "general_info": {
        "local_elements": 241286356,
        "local_rows": 5696844,
        "node": 7,
        "node_count": 8,
        "thread_count": 16
    },
    "io": 19.989809507,
    "sync_creat": 0.000654375,
    "total": 43.628927081
}