{
    "cg": {
        "num_iters": 100,
        "steps": {
            "A*s": 8.156359871000001,
            "alpha = (r*r) / s*A*s": 2.36739176,
            "distributing s": 10.668537419000003,
            "edge sync": 0.003226855000000002,
            "r -= temp * alpha": 0.6990252060000003,
            "r*r": 0.306822897,
            "sk+1 = rk+1 + beta * sk;": 0.6492914419999998,
            "x += s * alpha": 0.7103829340000002
        },
        "total": 23.572084972
    },
    "general_info": {
        "local_elements": 241286656,
        "local_rows": 7354022,
        "node": 1,
        "node_count": 8,
        "thread_count": 16
    },
    "io": 19.990204537,
    "sync_creat": 0.000648104,
    "total": 43.636884272
}