{
    "cg": {
        "num_iters": 100,
        "steps": {
            "A*s": 4.341970784,
            "alpha = (r*r) / s*A*s": 5.441839383000002,
            "distributing s": 11.767441599999994,
            "edge sync": 0.0008619429999999995,
            "r -= temp * alpha": 0.309785512,
            "r*r": 1.1147169379999995,
            "sk+1 = rk+1 + beta * sk;": 0.3085912070000001,
            "x += s * alpha": 0.30604413899999994
        },
        "total": 23.600114711
    },
    "general_info": {
        "local_elements": 241286656,
        "local_rows": 5982191,
        "node": 4,
        "node_count": 8,
        "thread_count": 16
    },
    "io": 19.990280019,
    "sync_creat": 0.000600229,
    "total": 43.664993952
}