{
    "cg": {
        "num_iters": 100,
        "steps": {
            "A*s": 4.8768849729999975,
            "alpha = (r*r) / s*A*s": 7.547428382,
            "distributing s": 9.082615199000003,
            "edge sync": 0.0008653980000000003,
            "r -= temp * alpha": 0.315788665,
            "r*r": 1.0664182120000003,
            "sk+1 = rk+1 + beta * sk;": 0.327580887,
            "x += s * alpha": 0.348267007
        },
        "total": 23.573322333
    },
    "general_info": {
        "local_elements": 241286656,
        "local_rows": 6476883,
        "node": 6,
        "node_count": 8,
        "thread_count": 16
    },
    "io": 19.991560726,
    "sync_creat": 0.000608236,
    "total": 43.639457459
}