{
    "cg": {
        "num_iters": 100,
        "steps": {
            "A*s": 293.6007611249999,
            "alpha = (r*r) / s*A*s": 8.632477606,
            "distributing s": 13.652685800999997,
            "edge sync": 0.00011177999999999999,
            "r -= temp * alpha": 6.372101653000001,
            "r*r": 3.7001286899999997,
            "sk+1 = rk+1 + beta * sk;": 10.420899201999998,
            "x += s * alpha": 8.753977832
        },
        "total": 345.136614159
    },
    "general_info": {
        "local_elements": 2111632324,
        "local_rows": 67291605,
        "node": 1,
        "node_count": 2,
        "thread_count": 64
    },
    "io": 35.817208516,
    "sync_creat": 0.000626244,
    "total": 381.31231367
}