{
    "cg": {
        "num_iters": 100,
        "steps": {
            "A*s": 10.630905673999996,
            "alpha = (r*r) / s*A*s": 0.9636143149999999,
            "distributing s": 7.551277721000001,
            "edge sync": 0.6321449090000002,
            "r -= temp * alpha": 1.1546865350000004,
            "r*r": 0.9571710359999998,
            "sk+1 = rk+1 + beta * sk;": 1.3768429359999994,
            "x += s * alpha": 1.21743935
        },
        "total": 24.494797172
    },
    "general_info": {
        "local_elements": 482573248,
        "local_rows": 11606030,
        "node": 1,
        "node_count": 4,
        "thread_count": 16
    },
    "io": 22.794300222,
    "sync_creat": 0.001155488,
    "total": 47.401763448
}