{
    "cg": {
        "num_iters": 100,
        "steps": {
            "A*s": 8.222403323000005,
            "alpha = (r*r) / s*A*s": 7.100023752000002,
            "distributing s": 8.313781401000002,
            "edge sync": 0.06453182199999997,
            "r -= temp * alpha": 0.5693571800000001,
            "r*r": 2.359939290999999,
            "sk+1 = rk+1 + beta * sk;": 0.6464566030000001,
            "x += s * alpha": 0.6395591729999999
        },
        "total": 27.929068951
    },
    "general_info": {
        "local_elements": 482573248,
        "local_rows": 12167057,
        "node": 2,
        "node_count": 4,
        "thread_count": 16
    },
    "io": 22.506631719,
    "sync_creat": 0.000901961,
    "total": 50.543075626
}