{
    "cg": {
        "num_iters": 100,
        "steps": {
            "A*s": 8.293687138,
            "alpha = (r*r) / s*A*s": 1.580647623999999,
            "distributing s": 8.368270718999996,
            "edge sync": 2.3392921019999995,
            "r -= temp * alpha": 0.5435560360000001,
            "r*r": 2.2632015349999994,
            "sk+1 = rk+1 + beta * sk;": 0.560146736,
            "x += s * alpha": 0.53045032
        },
        "total": 24.494771783
    },
    "general_info": {
        "local_elements": 482573248,
        "local_rows": 12167057,
        "node": 2,
        "node_count": 4,
        "thread_count": 16
    },
    "io": 22.795408824,
    "sync_creat": 0.001090258,
    "total": 47.402801967
}