{
    "cg": {
        "num_iters": 100,
        "steps": {
            "A*s": 14.475928816,
            "alpha = (r*r) / s*A*s": 0.8617567149999997,
            "distributing s": 7.755679532000001,
            "edge sync": 0.23680474000000004,
            "r -= temp * alpha": 1.4668647060000004,
            "r*r": 0.8250388669999997,
            "sk+1 = rk+1 + beta * sk;": 1.2035869339999998,
            "x += s * alpha": 1.100568656
        },
        "total": 27.929095155
    },
    "general_info": {
        "local_elements": 482573248,
        "local_rows": 11606030,
        "node": 1,
        "node_count": 4,
        "thread_count": 16
    },
    "io": 22.490880196,
    "sync_creat": 0.000871996,
    "total": 50.527285385
}