{
    "cg": {
        "num_iters": 100,
        "steps": {
            "A*s": 6.545538069000003,
            "alpha = (r*r) / s*A*s": 1.9937245760000009,
            "r -= temp * alpha": 1.5043909879999997,
            "r*r": 0.8827826340000001,
            "sk+1 = rk+1 + beta * sk;": 5.783502363000001,
            "x += s * alpha": 1.728746434
        },
        "total": 18.45136581
    },
    "general_info": {
        "thread_count": 128
    },
    "io": 30.493069767,
    "total": 49.034636186
}