{
    "cg": {
        "num_iters": 100,
        "steps": {
            "A*s": 6.365381567,
            "alpha = (r*r) / s*A*s": 1.8985815160000006,
            "r -= temp * alpha": 1.4229277020000002,
            "r*r": 0.890221328,
            "sk+1 = rk+1 + beta * sk;": 5.952232309000001,
            "x += s * alpha": 1.8078661689999995
        },
        "total": 18.357983142
    },
    "general_info": {
        "thread_count": 128
    },
    "io": 28.23722909,
    "total": 46.685790448
}