{
    "cg": {
        "num_iters": 100,
        "steps": {
            "A*s": 1.658306569999999,
            "alpha = (r*r) / s*A*s": 4.19798059,
            "distributing s": 4.057259908999999,
            "edge sync": 0.00839055,
            "r -= temp * alpha": 0.17946359900000003,
            "r*r": 0.4889712280000001,
            "sk+1 = rk+1 + beta * sk;": 0.20528647200000003,
            "x += s * alpha": 0.18388075800000003
        },
        "total": 10.998067891
    },
    "general_info": {
        "local_elements": 96809088,
        "local_rows": 3513033,
        "node": 1,
        "node_count": 8,
        "thread_count": 16
    },
    "io": 7.018733304,
    "sync_creat": 0.000682182,
    "total": 18.063779277
}