{
    "cg": {
        "num_iters": 100,
        "steps": {
            "A*s": 5.84528984,
            "alpha = (r*r) / s*A*s": 5.972787359,
            "distributing s": 9.528536862999992,
            "edge sync": 0.280219782,
            "r -= temp * alpha": 0.6370574940000001,
            "r*r": 0.512707604,
            "sk+1 = rk+1 + beta * sk;": 0.6761995290000002,
            "x += s * alpha": 0.6618357040000002
        },
        "total": 24.122163495
    },
    "general_info": {
        "local_elements": 241286656,
        "local_rows": 7354022,
        "node": 1,
        "node_count": 8,
        "thread_count": 16
    },
    "io": 37.81117312,
    "sync_creat": 0.000497494,
    "total": 62.022836744
}