{
    "cg": {
        "num_iters": 100,
        "steps": {
            "A*s": 4.417161737999999,
            "alpha = (r*r) / s*A*s": 4.469058733000001,
            "distributing s": 13.106163085000002,
            "edge sync": 0.002003314,
            "r -= temp * alpha": 0.287660231,
            "r*r": 1.2403266459999998,
            "sk+1 = rk+1 + beta * sk;": 0.3337156990000001,
            "x += s * alpha": 0.284576359
        },
        "total": 24.148657384
    },
    "general_info": {
        "local_elements": 241286656,
        "local_rows": 5982191,
        "node": 4,
        "node_count": 8,
        "thread_count": 16
    },
    "io": 37.815317748,
    "sync_creat": 0.000560548,
    "total": 62.053507722
}