{
    "cg": {
        "num_iters": 100,
        "steps": {
            "A*s": 4.460998107999999,
            "alpha = (r*r) / s*A*s": 1.061692443,
            "distributing s": 6.428126053000001,
            "edge sync": 0.0003339660000000004,
            "r -= temp * alpha": 0.3377579889999999,
            "r*r": 0.25667801200000007,
            "sk+1 = rk+1 + beta * sk;": 0.34060442900000004,
            "x += s * alpha": 0.3701098320000001
        },
        "total": 13.274066398
    },
    "general_info": {
        "local_elements": 241286656,
        "local_rows": 7335309,
        "node": 0,
        "node_count": 8,
        "thread_count": 16
    },
    "io": 18.260343476,
    "sync_creat": 0.000491067,
    "total": 31.592076553
}