{
    "cg": {
        "num_iters": 100,
        "steps": {
            "A*s": 4.5198829,
            "alpha = (r*r) / s*A*s": 6.8958768479999994,
            "distributing s": 8.515348197000002,
            "edge sync": 1.9653937430000004,
            "r -= temp * alpha": 0.270385485,
            "r*r": 1.2645945550000004,
            "sk+1 = rk+1 + beta * sk;": 0.390166195,
            "x += s * alpha": 0.274500621
        },
        "total": 24.10858724
    },
    "general_info": {
        "local_elements": 241286356,
        "local_rows": 5696844,
        "node": 7,
        "node_count": 8,
        "thread_count": 16
    },
    "io": 37.815803691,
    "sync_creat": 0.000541784,
    "total": 62.013917216
}