{
    "cg": {
        "num_iters": 100,
        "steps": {
            "A*s": 4.776483640999999,
            "alpha = (r*r) / s*A*s": 5.972876934999998,
            "distributing s": 10.186920803000003,
            "edge sync": 1.0649392860000004,
            "r -= temp * alpha": 0.26110819600000007,
            "r*r": 1.288155744,
            "sk+1 = rk+1 + beta * sk;": 0.298229482,
            "x += s * alpha": 0.263298971
        },
        "total": 24.124816891
    },
    "general_info": {
        "local_elements": 241286656,
        "local_rows": 5568016,
        "node": 2,
        "node_count": 8,
        "thread_count": 16
    },
    "io": 37.817278298,
    "sync_creat": 0.000499697,
    "total": 62.031583628
}