{
    "cg": {
        "num_iters": 100,
        "steps": {
            "A*s": 4.487961911000001,
            "alpha = (r*r) / s*A*s": 1.0650799200000005,
            "distributing s": 6.414364589,
            "edge sync": 0.000979276,
            "r -= temp * alpha": 0.28974371999999987,
            "r*r": 0.34435642399999994,
            "sk+1 = rk+1 + beta * sk;": 0.32392436899999993,
            "x += s * alpha": 0.3299916670000001
        },
        "total": 13.273350009
    },
    "general_info": {
        "local_elements": 241286656,
        "local_rows": 6184868,
        "node": 5,
        "node_count": 8,
        "thread_count": 16
    },
    "io": 18.260595935,
    "sync_creat": 0.000425426,
    "total": 31.591612646
}