{
    "cg": {
        "num_iters": 100,
        "steps": {
            "A*s": 5.059287195999999,
            "alpha = (r*r) / s*A*s": 0.42176486599999996,
            "distributing s": 6.457493579000002,
            "edge sync": 0.0020625220000000007,
            "r -= temp * alpha": 0.29663078099999995,
            "r*r": 0.37928803600000005,
            "sk+1 = rk+1 + beta * sk;": 0.35728685800000015,
            "x += s * alpha": 0.2890255400000001
        },
        "total": 13.274042593
    },
    "general_info": {
        "local_elements": 241286656,
        "local_rows": 6476883,
        "node": 6,
        "node_count": 8,
        "thread_count": 16
    },
    "io": 18.259022508,
    "sync_creat": 0.000515617,
    "total": 31.590721847
}