{
    "cg": {
        "num_iters": 100,
        "steps": {
            "A*s": 4.394939014999998,
            "alpha = (r*r) / s*A*s": 4.469485917000001,
            "distributing s": 9.848202263999998,
            "edge sync": 3.235863126,
            "r -= temp * alpha": 0.2873193489999999,
            "r*r": 1.2359208720000003,
            "sk+1 = rk+1 + beta * sk;": 0.35377586199999994,
            "x += s * alpha": 0.28836543099999995
        },
        "total": 24.122165835
    },
    "general_info": {
        "local_elements": 241286656,
        "local_rows": 6184868,
        "node": 5,
        "node_count": 8,
        "thread_count": 16
    },
    "io": 37.814503286,
    "sync_creat": 0.000502362,
    "total": 62.026151871
}