{
    "cg": {
        "num_iters": 100,
        "steps": {
            "A*s": 8.428893555999998,
            "alpha = (r*r) / s*A*s": 0.45114876900000006,
            "distributing s": 12.744867649999993,
            "edge sync": 0.000523065,
            "r -= temp * alpha": 0.7279383449999999,
            "r*r": 0.35179773699999994,
            "sk+1 = rk+1 + beta * sk;": 0.6941763119999997,
            "x += s * alpha": 0.7324378609999999
        },
        "total": 24.14865328
    },
    "general_info": {
        "local_elements": 241286656,
        "local_rows": 7335309,
        "node": 0,
        "node_count": 8,
        "thread_count": 16
    },
    "io": 37.815269054,
    "sync_creat": 0.000480464,
    "total": 62.053377805
}