{
    "cg": {
        "num_iters": 100,
        "steps": {
            "A*s": 4.542778086,
            "alpha = (r*r) / s*A*s": 0.9264401169999997,
            "distributing s": 6.555114473999999,
            "edge sync": 0.0009149790000000004,
            "r -= temp * alpha": 0.26225363999999984,
            "r*r": 0.40807384100000005,
            "sk+1 = rk+1 + beta * sk;": 0.27337187300000004,
            "x += s * alpha": 0.294480313
        },
        "total": 13.274140205
    },
    "general_info": {
        "local_elements": 241286656,
        "local_rows": 5568016,
        "node": 2,
        "node_count": 8,
        "thread_count": 16
    },
    "io": 18.258726464,
    "sync_creat": 0.000503245,
    "total": 31.590553404
}