{
    "cg": {
        "num_iters": 100,
        "steps": {
            "A*s": 25.969388298999995,
            "alpha = (r*r) / s*A*s": 1.6352947089999998,
            "distributing s": 20.855050976999994,
            "edge sync": 0.003305212999999997,
            "r -= temp * alpha": 0.7775261579999997,
            "r*r": 0.6003767480000001,
            "sk+1 = rk+1 + beta * sk;": 1.3126562260000008,
            "x += s * alpha": 0.9349337249999998
        },
        "total": 52.090579182
    },
    "general_info": {
        "local_elements": 527908096,
        "local_rows": 16811156,
        "node": 3,
        "node_count": 8,
        "thread_count": 32
    },
    "io": 40.556610947,
    "sync_creat": 0.000493812,
    "total": 92.788628898
}