{
    "cg": {
        "num_iters": 100,
        "steps": {
            "A*s": 25.79572057400001,
            "alpha = (r*r) / s*A*s": 1.6660236659999998,
            "distributing s": 21.017984033999994,
            "edge sync": 0.0009697129999999998,
            "r -= temp * alpha": 0.7731829420000002,
            "r*r": 0.5617028890000001,
            "sk+1 = rk+1 + beta * sk;": 1.2922713989999994,
            "x += s * alpha": 0.9799311769999999
        },
        "total": 52.090538258
    },
    "general_info": {
        "local_elements": 527908096,
        "local_rows": 16754112,
        "node": 6,
        "node_count": 8,
        "thread_count": 32
    },
    "io": 40.554937961,
    "sync_creat": 0.000633074,
    "total": 92.787026592
}