{
    "cg": {
        "num_iters": 100,
        "steps": {
            "A*s": 26.030795283999996,
            "alpha = (r*r) / s*A*s": 1.5940010830000002,
            "distributing s": 20.768496414999994,
            "edge sync": 0.00020937400000000005,
            "r -= temp * alpha": 0.7811754569999995,
            "r*r": 0.5970884659999998,
            "sk+1 = rk+1 + beta * sk;": 1.377214517,
            "x += s * alpha": 0.9374008680000003
        },
        "total": 52.089089865
    },
    "general_info": {
        "local_elements": 527908096,
        "local_rows": 16845692,
        "node": 0,
        "node_count": 8,
        "thread_count": 32
    },
    "io": 40.555496682,
    "sync_creat": 0.000471535,
    "total": 92.786010373
}