{
    "cg": {
        "num_iters": 100,
        "steps": {
            "A*s": 92.38662084200001,
            "alpha = (r*r) / s*A*s": 7.040571686999998,
            "distributing s": 28.026899084,
            "edge sync": 0.0007975270000000001,
            "r -= temp * alpha": 1.9457027450000008,
            "r*r": 5.950433086999997,
            "sk+1 = rk+1 + beta * sk;": 5.982361728,
            "x += s * alpha": 2.790748361999999
        },
        "total": 144.127294735
    },
    "general_info": {
        "local_elements": 1055816192,
        "local_rows": 33444631,
        "node": 1,
        "node_count": 4,
        "thread_count": 128
    },
    "io": 56.378376173,
    "sync_creat": 0.002275728,
    "total": 200.746735732
}