{
    "cg": {
        "num_iters": 100,
        "steps": {
            "A*s": 69.557483969,
            "alpha = (r*r) / s*A*s": 29.53175167000001,
            "distributing s": 28.742398642,
            "edge sync": 7.158099999999998e-05,
            "r -= temp * alpha": 1.9396189320000004,
            "r*r": 2.38540179,
            "sk+1 = rk+1 + beta * sk;": 5.624397413000001,
            "x += s * alpha": 6.352691135000001
        },
        "total": 144.137135934
    },
    "general_info": {
        "local_elements": 1055816068,
        "local_rows": 33616430,
        "node": 3,
        "node_count": 4,
        "thread_count": 128
    },
    "io": 56.378929505,
    "sync_creat": 0.002435681,
    "total": 200.757308128
}