{
    "cg": {
        "num_iters": 100,
        "steps": {
            "A*s": 72.41798962399999,
            "alpha = (r*r) / s*A*s": 26.948872903000005,
            "distributing s": 28.265753906000015,
            "edge sync": 0.0011932239999999999,
            "r -= temp * alpha": 2.0653821990000005,
            "r*r": 2.500241200000001,
            "sk+1 = rk+1 + beta * sk;": 5.813758044000003,
            "x += s * alpha": 6.110814680000001
        },
        "total": 144.127388815
    },
    "general_info": {
        "local_elements": 1055816192,
        "local_rows": 33675175,
        "node": 2,
        "node_count": 4,
        "thread_count": 128
    },
    "io": 56.379965906,
    "sync_creat": 0.002166467,
    "total": 200.748242087
}