{
    "cg": {
        "num_iters": 100,
        "steps": {
            "A*s": 92.25848479899999,
            "alpha = (r*r) / s*A*s": 6.870447804999998,
            "distributing s": 26.980104758999996,
            "edge sync": 0.0009952250000000004,
            "r -= temp * alpha": 2.840504363000001,
            "r*r": 4.135900079999998,
            "sk+1 = rk+1 + beta * sk;": 7.34600465,
            "x += s * alpha": 3.700730306999999
        },
        "total": 144.136354729
    },
    "general_info": {
        "local_elements": 1055816192,
        "local_rows": 33481489,
        "node": 0,
        "node_count": 4,
        "thread_count": 128
    },
    "io": 56.37546031,
    "sync_creat": 0.002333638,
    "total": 200.753002555
}