{
    "cg": {
        "num_iters": 100,
        "steps": {
            "A*s": 5.617181963000002,
            "alpha = (r*r) / s*A*s": 3.879276892,
            "distributing s": 8.184288995000001,
            "edge sync": 4.434864028000002,
            "r -= temp * alpha": 0.564635413,
            "r*r": 2.7435112530000003,
            "sk+1 = rk+1 + beta * sk;": 0.7523692809999996,
            "x += s * alpha": 0.5749448959999999
        },
        "total": 26.763832297
    },
    "general_info": {
        "local_elements": 482573248,
        "local_rows": 12167057,
        "node": 2,
        "node_count": 4,
        "thread_count": 32
    },
    "io": 41.388773917,
    "sync_creat": 0.000863735,
    "total": 68.262396058
}