{
    "cg": {
        "num_iters": 100,
        "steps": {
            "A*s": 5.1285624630000015,
            "alpha = (r*r) / s*A*s": 1.3561102659999997,
            "distributing s": 4.628153742,
            "edge sync": 0.001591125,
            "r -= temp * alpha": 0.5521262740000001,
            "r*r": 0.6390975270000002,
            "sk+1 = rk+1 + beta * sk;": 0.674649515,
            "x += s * alpha": 0.6297806829999998
        },
        "total": 13.620939839
    },
    "general_info": {
        "local_elements": 482573248,
        "local_rows": 12167057,
        "node": 2,
        "node_count": 4,
        "thread_count": 32
    },
    "io": 45.958389049,
    "sync_creat": 0.000806727,
    "total": 59.65520796
}