{
    "cg": {
        "num_iters": 100,
        "steps": {
            "A*s": 9.366794432999999,
            "alpha = (r*r) / s*A*s": 1.235809078,
            "distributing s": 7.152009386000001,
            "edge sync": 3.2923766579999993,
            "r -= temp * alpha": 1.0835868659999999,
            "r*r": 1.6995645600000007,
            "sk+1 = rk+1 + beta * sk;": 1.7840127330000002,
            "x += s * alpha": 1.1430834770000002
        },
        "total": 26.763826055
    },
    "general_info": {
        "local_elements": 482573248,
        "local_rows": 11606030,
        "node": 1,
        "node_count": 4,
        "thread_count": 32
    },
    "io": 41.385805928,
    "sync_creat": 0.000852727,
    "total": 68.259453205
}