{
    "cg": {
        "num_iters": 100,
        "steps": {
            "A*s": 5.850453509999998,
            "alpha = (r*r) / s*A*s": 0.558242394,
            "distributing s": 4.639067415999999,
            "edge sync": 0.07126576000000003,
            "r -= temp * alpha": 0.565862989,
            "r*r": 0.6233638200000001,
            "sk+1 = rk+1 + beta * sk;": 0.7329005440000004,
            "x += s * alpha": 0.561987536
        },
        "total": 13.620643548
    },
    "general_info": {
        "local_elements": 482573204,
        "local_rows": 12173728,
        "node": 3,
        "node_count": 4,
        "thread_count": 32
    },
    "io": 45.963620545,
    "sync_creat": 0.000868686,
    "total": 59.660208078
}