{
    "cg": {
        "num_iters": 100,
        "steps": {
            "A*s": 9.936387254000001,
            "alpha = (r*r) / s*A*s": 1.296239347,
            "distributing s": 8.278245352999997,
            "edge sync": 1.5866028309999989,
            "r -= temp * alpha": 1.4590070889999998,
            "r*r": 0.7115956329999997,
            "sk+1 = rk+1 + beta * sk;": 1.7740655650000003,
            "x += s * alpha": 1.7120565390000002
        },
        "total": 26.769294777
    },
    "general_info": {
        "local_elements": 482573248,
        "local_rows": 14689329,
        "node": 0,
        "node_count": 4,
        "thread_count": 32
    },
    "io": 41.385873252,
    "sync_creat": 0.000887097,
    "total": 68.264965929
}