{
    "cg": {
        "num_iters": 100,
        "steps": {
            "A*s": 9.884572618,
            "alpha = (r*r) / s*A*s": 2.7248791079999997,
            "r -= temp * alpha": 2.800782412000001,
            "r*r": 1.0344938430000004,
            "sk+1 = rk+1 + beta * sk;": 4.9340548129999995,
            "x += s * alpha": 3.1709727429999996
        },
        "total": 24.574871306
    },
    "general_info": {
        "thread_count": 64
    },
    "io": 24.573514135,
    "total": 49.269332411
}