{
    "cg": {
        "num_iters": 100,
        "steps": {
            "A*s": 11.746032084000003,
            "alpha = (r*r) / s*A*s": 1.8687161589999999,
            "r -= temp * alpha": 2.4568703430000007,
            "r*r": 1.000310396,
            "sk+1 = rk+1 + beta * sk;": 3.2623189179999996,
            "x += s * alpha": 2.845178191
        },
        "total": 23.196697922
    },
    "general_info": {
        "thread_count": 64
    },
    "io": 33.586685003,
    "total": 56.898749702
}