{
    "cg": {
        "num_iters": 100,
        "steps": {
            "A*s": 281.787097324,
            "alpha = (r*r) / s*A*s": 6.766049318999999,
            "distributing s": 23.167699461,
            "edge sync": 0.0017565520000000006,
            "r -= temp * alpha": 3.5249040730000014,
            "r*r": 1.6275574909999997,
            "sk+1 = rk+1 + beta * sk;": 4.968883442000001,
            "x += s * alpha": 4.581738090000001
        },
        "total": 326.429464324
    },
    "general_info": {
        "local_elements": 1055816192,
        "local_rows": 33444631,
        "node": 1,
        "node_count": 4,
        "thread_count": 64
    },
    "io": 56.195079743,
    "sync_creat": 0.001906015,
    "total": 382.881457372
}