{
    "cg": {
        "num_iters": 100,
        "steps": {
            "A*s": 164.75510738999992,
            "alpha = (r*r) / s*A*s": 123.782215458,
            "distributing s": 24.640413538000008,
            "edge sync": 0.001419993999999999,
            "r -= temp * alpha": 2.855631678999999,
            "r*r": 4.038029323000001,
            "sk+1 = rk+1 + beta * sk;": 3.512070294999999,
            "x += s * alpha": 2.8429157170000003
        },
        "total": 326.431435203
    },
    "general_info": {
        "local_elements": 1055816192,
        "local_rows": 33675175,
        "node": 2,
        "node_count": 4,
        "thread_count": 64
    },
    "io": 56.196001053,
    "sync_creat": 0.001584226,
    "total": 382.883886425
}