{
    "cg": {
        "num_iters": 100,
        "steps": {
            "A*s": 25.737597867000005,
            "alpha = (r*r) / s*A*s": 1.8527981349999993,
            "distributing s": 20.927402488000002,
            "edge sync": 0.0021543379999999987,
            "r -= temp * alpha": 0.7782798739999998,
            "r*r": 0.5772235229999999,
            "sk+1 = rk+1 + beta * sk;": 1.2544808290000002,
            "x += s * alpha": 0.9582200970000001
        },
        "total": 52.090739524
    },
    "general_info": {
        "local_elements": 527907972,
        "local_rows": 16862319,
        "node": 7,
        "node_count": 8,
        "thread_count": 32
    },
    "io": 40.556242227,
    "sync_creat": 0.000471986,
    "total": 92.788418443
}