{
    "cg": {
        "num_iters": 100,
        "steps": {
            "A*s": 25.750821024999993,
            "alpha = (r*r) / s*A*s": 1.6512210689999998,
            "distributing s": 21.090565171999994,
            "edge sync": 0.00034227999999999977,
            "r -= temp * alpha": 0.7797927239999998,
            "r*r": 0.625007176,
            "sk+1 = rk+1 + beta * sk;": 1.2792695030000005,
            "x += s * alpha": 0.9104761999999998
        },
        "total": 52.090423012
    },
    "general_info": {
        "local_elements": 527908096,
        "local_rows": 16714489,
        "node": 5,
        "node_count": 8,
        "thread_count": 32
    },
    "io": 40.555848923,
    "sync_creat": 0.000470524,
    "total": 92.78768508
}