{
    "cg": {
        "num_iters": 100,
        "steps": {
            "A*s": 25.668481938000003,
            "alpha = (r*r) / s*A*s": 1.944954204,
            "distributing s": 20.83361955499999,
            "edge sync": 0.00024489999999999994,
            "r -= temp * alpha": 0.7704406010000003,
            "r*r": 0.5775822909999998,
            "sk+1 = rk+1 + beta * sk;": 1.3246048020000003,
            "x += s * alpha": 0.967127632
        },
        "total": 52.089059354
    },
    "general_info": {
        "local_elements": 527908096,
        "local_rows": 16960686,
        "node": 4,
        "node_count": 8,
        "thread_count": 32
    },
    "io": 40.556170741,
    "sync_creat": 0.000619356,
    "total": 92.786788336
}