{
    "cg": {
        "num_iters": 100,
        "steps": {
            "A*s": 26.359736283,
            "alpha = (r*r) / s*A*s": 1.047248635,
            "distributing s": 21.036376222,
            "edge sync": 0.0002612030000000001,
            "r -= temp * alpha": 0.7656706189999998,
            "r*r": 0.644144437,
            "sk+1 = rk+1 + beta * sk;": 1.328747646,
            "x += s * alpha": 0.9055883779999998
        },
        "total": 52.090502851
    },
    "general_info": {
        "local_elements": 527908096,
        "local_rows": 16635797,
        "node": 1,
        "node_count": 8,
        "thread_count": 32
    },
    "io": 40.556479652,
    "sync_creat": 0.000515486,
    "total": 92.788461043
}