{
    "cg": {
        "num_iters": 100,
        "steps": {
            "A*s": 91.44348563900003,
            "alpha = (r*r) / s*A*s": 1.5808553360000004,
            "distributing s": 101.94396954099996,
            "r -= temp * alpha": 0.7182934990000003,
            "r*r": 0.4691038699999999,
            "sk+1 = rk+1 + beta * sk;": 3.4139190159999986,
            "x += s * alpha": 1.006191525
        },
        "total": 200.592644121
    },
    "general_info": {
        "local_elements": 0,
        "local_rows": 25318076,
        "node": 0,
        "node_count": 2,
        "thread_count": 64
    },
    "io": 32.211884426,
    "total": 233.096125969
}