{
    "cg": {
        "num_iters": 100,
        "steps": {
            "A*s": 8.567995113000002,
            "alpha = (r*r) / s*A*s": 1.210150055,
            "distributing s": 11.451717691999999,
            "edge sync": 0.00039546299999999976,
            "r -= temp * alpha": 0.6740492400000001,
            "r*r": 0.3936284280000001,
            "sk+1 = rk+1 + beta * sk;": 0.6240270909999998,
            "x += s * alpha": 0.6628126209999999
        },
        "total": 23.600092997
    },
    "general_info": {
        "local_elements": 241286656,
        "local_rows": 7335309,
        "node": 0,
        "node_count": 8,
        "thread_count": 16
    },
    "io": 19.993468333,
    "sync_creat": 0.000500534,
    "total": 43.668043591
}