{
    "cg": {
        "num_iters": 100,
        "steps": {
            "A*s": 4.570211975000001,
            "alpha = (r*r) / s*A*s": 5.945902715000001,
            "distributing s": 11.01819528,
            "edge sync": 0.0009633039999999996,
            "r -= temp * alpha": 0.30139072100000014,
            "r*r": 1.0887154679999995,
            "sk+1 = rk+1 + beta * sk;": 0.310037331,
            "x += s * alpha": 0.3279496910000001
        },
        "total": 23.572198919
    },
    "general_info": {
        "local_elements": 241286656,
        "local_rows": 6184868,
        "node": 5,
        "node_count": 8,
        "thread_count": 16
    },
    "io": 19.991300264,
    "sync_creat": 0.000596522,
    "total": 43.638066606
}