{
    "cg": {
        "num_iters": 100,
        "steps": {
            "A*s": 608.1579963620003,
            "alpha = (r*r) / s*A*s": 12.756242856000002,
            "r -= temp * alpha": 14.279018043,
            "r*r": 5.346021759000002,
            "sk+1 = rk+1 + beta * sk;": 16.030077696,
            "x += s * alpha": 15.105070880999996
        },
        "total": 671.679010552
    },
    "general_info": {
        "thread_count": 64
    },
    "io": 185.763821316,
    "total": 858.589793081
}